created_at,name,act_name,symbol,qty,cex,status,up_status,path,level,earn,cost,buy_px,benefit,sell_px,profit,order_id,client_order_id,fx_order_id,fx_client_order_id,open_at,close_at
2024-08-02 22:49:31.744,bitgetAPU,bitget,APUUSDT,62695.92,bitget,filled,0,buy->sell,1,1.2,28.702192,0.000458,29.899684248,0.0004769,1.2,1203279765093163012,ac485147-90fb-4a4e-94b9-ce64637f0860,1203281148517228553,916491df-594f-43ec-911c-712198ef7fea,2024-08-02 22:49:31.744,2024-10-07 03:35:25.363
2024-08-04 01:30:01.677,bitgetAPU,bitget,APUUSDT,72202.17,bitget,filled,0,buy->sell,1,1.2,28.772565,0.000399,29.971120767,0.0004151,1.2,1203682545016446987,52dbd1a9-b312-4ae5-95b1-60425c71f508,1203683045132673029,d6f2a2dc-0e50-44f1-b37e-32c659bbd3b3,2024-08-04 01:30:01.677,2024-10-01 11:44:42.461
2024-08-05 09:10:01.325,bitgetAPU,bitget,APUUSDT,95526.19,bitget,filled,0,buy->sell,1,1.2,28.52412,0.000299,29.72775,0.000311,1.2,1204160697710878742,ebc26cc2-78bf-45bc-8f75-e99c9ab1fbed,1204160951860535305,55f52e58-5821-4e59-8ed4-8a9291f67254,2024-08-05 09:10:01.325,2024-08-05 09:27:01.873
2024-08-05 13:55:02.003,bitgetAPU,bitget,APUUSDT,105189.34,bitget,filled,0,buy->sell,1,1.2,28.643057,0.000272,29.842216,0.000284,1.2,1204232424730075143,6d0f4e2b-d7eb-495e-8ba0-9ef7016d1d29,1204235066579558401,4a8dbb13-e444-4931-a442-7f44f62a31b8,2024-08-05 13:55:02.003,2024-08-05 22:27:16.968
2024-08-05 14:17:01.618,bitgetAPU,bitget,APUUSDT,120943.36,bitget,filled,0,buy->sell,1,1.2,28.615199,0.000237,29.812538,0.000246,1.2,1204237959688822785,48421b0c-1110-43e3-8e6f-b62740b3e8cc,1204239728309379073,5e80e134-3014-4097-9ffb-223f6cb41249,2024-08-05 14:17:01.618,2024-08-05 15:23:46.439
2024-08-05 14:17:16.523,bitgetMEW,bitget,MEWUSDT,8013.89,bitget,filled,0,buy->sell,1,1.2,28.753837,0.003588,29.955921,0.003738,1.2,1204238022146203648,ccda0f21-4784-439c-b49e-4325a4685173,1204239671057129491,f0bcb9fb-08b4-4ba5-b1f2-db151564829e,2024-08-05 14:17:16.523,2024-08-05 15:18:31.789
2024-08-05 17:40:31.254,bitgetAPU,bitget,APUUSDT,117808.76,bitget,filled,0,buy->sell,1,1.2,28.698214,0.000244,29.899863,0.000254,1.2,1204289164024684566,cdd397fc-baf1-4186-8ee3-8d7bb5f9e9ff,1204291441837940757,1a5abaa3-798a-4294-9fba-8b30422073b5,2024-08-05 17:40:31.254,2024-08-05 19:58:16.950
2024-08-05 19:48:01.281,bitgetAPU,bitget,APUUSDT,123533.05,bitget,filled,0,sell->buy,1,1.2,30.092651,0.000244,31.290922,0.000253,1.2,1204321247757541407,f49b7745-e46e-4ea1-9305-6eca7e9e1f42,1204323764453187599,2ce9ed44-1a37-4355-9d8f-7358960d6d7b,2024-08-05 19:48:01.281,2024-08-05 20:18:46.353
2024-08-05 21:26:01.643,bitgetAPU,bitget,APUUSDT,128205.13,bitget,filled,0,sell->buy,1,1.2,30.051282,0.000234,31.256411,0.000244,1.21,1204345912420933644,9976f68a-25df-4c1b-9511-fc60e8079837,1204347927582679098,8e3cc1c9-03d3-46e3-b854-eb43fd74af5c,2024-08-05 21:26:01.643,2024-08-16 02:03:02.402
2024-08-05 21:45:02.182,bitgetAPU,bitget,APUUSDT,119928.04,bitget,filled,0,sell->buy,1,1.2,29.994003,0.00025,31.193283,0.00026,1.2,1204350696301469720,12f4ed12-bb57-4b66-ad3d-1fa7e3fadad9,1204352453920366602,5ea4ac18-ec1e-4b08-83fa-e35287f7a7bd,2024-08-05 21:45:02.182,2024-08-12 15:02:16.535
2024-08-06 02:55:02.180,bitgetAPU,bitget,APUUSDT,101884.87,bitget,filled,0,buy->sell,1,1.2,28.762099,0.000282,29.96434,0.000294,1.2,1204428711979065350,5d3c6ce2-f276-4f25-8b6a-3362c09aee04,1204429967241977867,c0a25303-e206-472f-b8c6-ed95053b23a8,2024-08-06 02:55:02.180,2024-08-06 04:09:01.388
2024-08-06 08:13:31.580,bitgetAPU,bitget,APUUSDT,98119.38,bitget,filled,0,sell->buy,1,1.2,30.103026,0.000307,31.300082,0.000319,1.2,1204508864465805323,b60c3d60-c460-4311-911e-1419293ddbf6,1204511383665451011,364ba7bf-9d4f-4639-a558-d2bee10fbec8,2024-08-06 08:13:31.580,2024-08-08 00:17:17.501
2024-08-06 19:16:02.079,bitgetAPU,bitget,APUUSDT,89592.35,bitget,filled,0,buy->sell,1,1.2,28.777063,0.000321,29.9776,0.000335,1.2,1204675587928170511,4223f33a-ed6c-4dd1-960b-dd7fa6f73c12,1204677852655198216,77ab4f5c-5143-4e4d-a6ae-bf92a7574436,2024-08-06 19:16:02.079,2024-08-06 22:19:46.902
2024-08-08 09:44:02.046,bitgetAPU,bitget,APUUSDT,100418.41,bitget,filled,0,sell->buy,1,1.2,30.065272,0.000299,31.270293,0.000311,1.21,1205256421257191424,8a70ce19-fdbe-467a-9145-f7917aa179a8,1205258687020212226,9efdca63-205a-45cf-aedb-a9c893a9ce53,2024-08-08 09:44:02.046,2024-08-11 22:03:37.727
2024-08-08 10:04:01.626,bitgetAPU,bitget,APUUSDT,92678.41,bitget,filled,0,sell->buy,1,1.2,28.850789,0.000311,30.046341,0.000324,1.2,1205261452572303363,eb7326bb-3431-4376-bb2b-049f0cafc76d,1205263716254949408,b4dda8c9-feed-4b57-a5ae-43eee6aea731,2024-08-08 10:04:01.626,2024-08-08 12:06:32.213
2024-08-08 18:16:32.711,bitgetAPU,bitget,APUUSDT,95495.78,bitget,filled,0,buy->sell,1,1.2,28.73468,0.000301,29.937927,0.000314,1.2,1205385414681763859,05a13f75-d3c2-49e6-ad8c-a11d57ad6b41,1205387913052495877,8d31f2d2-732b-4dda-aab6-a666bb482ae0,2024-08-08 18:16:32.711,2024-08-08 18:27:02.526
2024-08-11 16:36:16.719,bitgetMEW,bitget,MEWUSDT,5850.23,bitget,filled,0,buy->sell,1,1.2,28.788982,0.004921,29.988279,0.005126,1.2,1206447322268639232,115e1e22-c326-481c-b777-3f702bd0721e,1206529785724608513,0087557a-184e-49a4-b468-3344fe974e3b,2024-08-11 16:36:16.719,2024-08-20 13:14:16.108
2024-08-11 16:36:32.157,bitgetAPU,bitget,APUUSDT,96618.36,bitget,filled,0,buy->sell,1,1.2,28.772948,0.000298,29.971015,0.00031,1.2,1206447387049664518,2878d7e8-df02-4392-9de4-bb0c4676ce6d,1206529680418218008,cdc3c901-22ae-4f1c-adb5-bd1d3f604435,2024-08-11 16:36:32.157,2024-08-22 20:07:52.012
2024-08-12 14:56:32.188,bitgetAPU,bitget,APUUSDT,117004.68,bitget,filled,0,buy->sell,1,1.2,28.724649,0.000246,29.929797,0.000256,1.21,1206784612090191880,20acd483-f836-48de-b0b2-b66d941c4867,1206786620905955329,2d449f90-11a0-4355-91b1-c05be7fa36e2,2024-08-12 14:56:32.188,2024-08-12 15:37:34.927
2024-08-16 23:26:31.289,bitgetAPU,bitget,APUUSDT,141509.43,bitget,filled,0,buy->sell,1,1.2,28.768867,0.000203,29.971697,0.000212,1.2,1208362504855166976,7bbcc219-9c41-4cc3-a64e-62c04d42ba8e,1208479143277830147,a60f7aa2-8625-4346-a67b-2de87205e8d2,2024-08-16 23:26:31.289,2024-08-17 10:08:31.660
2024-08-19 15:14:01.611,bitgetAPU,bitget,APUUSDT,137804.32,bitget,filled,0,buy->sell,1,1.2,28.759762,0.000209,29.958659,0.000217,1.2,1209325725535641600,880331ba-7ff3-4bee-a468-b29bc2eec0d4,1209327614172012549,33b59bbf-8593-466a-868e-c208937e71ac,2024-08-19 15:14:01.611,2024-08-19 15:48:16.134
2024-08-21 22:34:01.936,bitgetAPU,bitget,APUUSDT,112866.82,bitget,filled,0,buy->sell,1,1.2,28.656886,0.000254,31.331829,0.000278,2.67,1210161234759589892,50ad2c28-2d4f-4c53-8003-aedeef7aecc3,1210292720800309249,8a64686a-681b-475b-832d-605ebf56f8c2,2024-08-21 22:34:01.936,2024-08-22 07:16:34.276
2024-08-21 22:34:02.214,bitgetAPU,bitget,APUUSDT,112866.82,bitget,filled,0,sell->buy,1,1.2,27.460497306,0.0002433,28.656886,0.000254,1.2,1210161235757834248,41d6021d-8c01-49c0-8599-e0e3d429621d,1210292721735639054,8abdb6b9-e147-4eda-901c-e05a008b9dde,2024-08-21 22:34:02.214,2024-08-27 23:07:12.368
2024-08-23 01:28:33.675,bitgetAPU,bitget,APUUSDT,102075.54,bitget,filled,0,buy->sell,1,1.2,28.764887,0.000282,29.969379,0.000294,1.2,1210567545921937409,2d198141-792a-4f53-ac89-60055edbac04,1210569811588489230,f32260db-820b-42fc-b66c-7c43cd166654,2024-08-23 01:28:33.675,2024-08-23 06:53:17.717
2024-08-24 08:57:02.168,bitgetAPU,bitget,APUUSDT,91547.15,bitget,filled,0,buy->sell,1,1.2,28.70918624,0.0003136,29.908453905,0.0003267,1.2,1211042798225793024,2d079326-2bbe-448b-b7a2-ef9701cfd50b,1211044810808041472,900a7788-62bb-4bbe-aefb-3f08e0890683,2024-08-24 09:04:56.069,2024-08-24 23:45:35.207
2024-08-25 01:56:01.288,bitgetAPU,bitget,APUUSDT,84985.84,bitget,filled,0,buy->sell,1,1.2,28.682721,0.0003375,29.881021344,0.0003516,1.2,1211299232045875213,7df64ba0-2476-435c-ba16-b0fe6faca696,1211301244707815424,2d0cf127-21c2-418f-a0f0-878a168290ff,2024-08-25 02:03:44.144,2024-09-27 17:14:56.478
2024-08-27 22:10:46.435,bitgetMEW,bitget,MEWUSDT,6511.12,bitget,filled,0,buy->sell,1,1.2,28.77263928,0.004419,29.97068536,0.004603,1.2,1212329708588122116,388fb64f-c2ce-4b7e-83c7-d61ba25f3601,1212518821463343106,7d2fce7a-e690-45fd-aee7-303ccd078dc8,2024-08-28 05:48:46.780,2024-09-11 02:39:09.275
2024-08-27 22:14:31.996,bitgetAPU,bitget,APUUSDT,122274.3,bitget,filled,0,buy->sell,1,1.2,28.79559765,0.0002355,29.99388579,0.0002453,1.2,1212330654667915275,94754ea0-f186-4d2a-ade7-ab49d7948c9b,1212518890912628747,2e5b80a9-51c9-401d-9959-199fb3d3c704,2024-08-28 05:07:42.007,2024-08-28 17:58:00.526
2024-08-27 22:14:32.276,bitgetAPU,bitget,APUUSDT,122274.3,bitget,filled,0,sell->buy,1,1.2,27.59730951,0.0002257,28.79559765,0.0002355,1.2,1212330655708102669,08436646-85fb-4eab-a265-e3b5ff5ea45d,1212518892699402259,2e9998ab-4414-4ef5-b6bd-90b3be83d586,2024-08-28 05:07:42.007,2024-09-01 08:49:36.369
2024-08-27 22:14:38.384,bitgetSLERF,bitget,SLERFUSDT,180.4,bitget,filled,0,buy->sell,1,1.8,28.16044,0.1561,29.96444,0.1661,1.8,1212330681582764043,f89a44ad-15d5-420a-bffa-d3b89bd2765b,1212518789808930821,935e7102-2645-449d-b2c2-a0d0205797a9,2024-08-28 06:14:57.304,2024-09-19 11:23:12.406
2024-08-28 20:02:32.743,bitgetAPU,bitget,APUUSDT,122224.49,bitget,filled,0,buy->sell,1,1.2,28.820534742,0.0002358,30.018334744,0.0002456,1.2,1212659822387470347,73928e03-27ab-41f3-aada-4617014f29de,1212660826470293513,afd73d3e-22aa-49cf-9ffb-502098aedf15,2024-08-28 20:06:24.406,2024-08-28 20:32:58.361
2024-08-29 01:23:37.125,bitgetAPU,bitget,APUUSDT,128727.74,bitget,filled,0,sell->buy,1,1.2,30.109418386,0.0002339,31.306586368,0.0002432,1.2,1212740624873889802,e678a4c5-cf41-48d6-aeeb-01ccb4d64175,1212743898687545349,062299b1-8e93-4118-b1b8-846740135d44,2024-08-29 01:35:50.943,2024-08-29 02:00:33.429
2024-08-29 22:20:38.427,bitgetAPU,bitget,APUUSDT,125918.15,bitget,filled,0,sell->buy,1,1.2,30.132213295,0.0002393,31.32843572,0.0002488,1.2,1213056967275913219,bbb36096-d17b-4af9-a784-6fcbf5e6e6c9,1213063002636099584,ac4ea766-5f42-4ff3-ba2b-ddfdc4520f91,2024-08-29 22:44:25.455,2024-08-30 23:01:40.126
2024-08-30 13:37:40.385,bitgetAPU,bitget,APUUSDT,118436.64,bitget,filled,0,buy->sell,1,1.2,28.732728864,0.0002426,29.928938928,0.0002527,1.2,1213287751379263488,108d7f51-adb3-49d4-af05-8435bc89a9ec,1213294033272250368,fba18e30-5348-4a93-9f89-d1373557c768,2024-08-30 14:02:35.358,2024-08-30 16:24:02.313
2024-09-01 08:30:37.063,bitgetAPU,bitget,APUUSDT,125182.56,bitget,filled,0,buy->sell,1,1.2,28.754434032,0.0002297,29.956186608,0.0002393,1.2,1213935252570578945,8aac20d5-83ad-4b96-a73d-09dc98216cdd,1213947586936512518,6b5df621-ee3b-4277-a475-b2e81a104a82,2024-09-01 08:49:29.178,2024-09-13 16:19:32.668
2024-09-01 13:53:37.876,bitgetAPU,bitget,APUUSDT,131810.19,bitget,filled,0,buy->sell,1,1.2,28.774164477,0.0002183,29.973637206,0.0002274,1.2,1214016532947607559,5d0ffb92-9d58-4e3e-bb65-6958ea2f01f9,1214018293838061570,b5315947-97b6-41f0-8597-e04cbe713039,2024-09-01 14:00:11.520,2024-09-12 22:28:50.743
2024-09-02 13:16:37.891,bitgetAPU,bitget,APUUSDT,158856.24,bitget,filled,0,buy->sell,1,1.2,28.75297944,0.000181,29.960286864,0.0001886,1.21,1214369618379612164,d17ee069-e8b3-400d-b01d-c7b8dc7e67f0,1214375909265186817,1ba27363-45aa-443b-9435-1a4bf473e4ac,2024-09-02 13:41:13.630,2024-09-02 18:25:14.130
2024-09-02 14:52:37.616,bitgetAPU,bitget,APUUSDT,166527.89,bitget,filled,0,buy->sell,1,1.2,28.792672181,0.0001729,29.991672989,0.0001801,1.2,1214393777151221764,03837a9e-d5d6-4128-bea0-78af4e0b54e0,1214398551904952330,f4d8655d-8b06-4b15-aa50-4d192cd43cd3,2024-09-02 15:11:25.556,2024-09-02 16:49:18.336
2024-09-02 23:05:37.539,bitgetAPU,bitget,APUUSDT,165883.33,bitget,filled,0,buy->sell,1,1.2,28.797346088,0.0001736,29.991706064,0.0001808,1.19,1214517840234356744,86961a62-4329-4688-931c-76bdadaecede,1214522369994596355,b9400a5f-67ce-4ac4-8918-6bf6faf9d9e7,2024-09-02 23:23:01.237,2024-09-03 05:05:14.652
2024-09-04 09:00:25.388,bitgetMEW,bitget,MEWUSDT,7781.09,bitget,filled,0,buy->sell,1,1.2,28.77447082,0.003698,29.97275868,0.003852,1.2,1215029917206126620,755e3194-c68f-490c-a447-8ac8b91e5b18,1215031176499765301,6e59d82a-b8a7-4ea8-9436-49814d0eafc0,2024-09-04 09:04:54.826,2024-09-04 09:43:52.603
2024-09-04 22:21:29.200,bitgetMEW,bitget,MEWUSDT,7487.83,bitget,filled,0,sell->buy,1,1.2,30.0261983,0.00401,31.2242511,0.00417,1.2,1215231508957831168,af28d30c-087e-47b6-9d02-451512588b70,1215237543307190283,0502e54e-64c7-4513-9940-102a5f63940f,2024-09-04 22:44:51.994,2024-09-05 11:36:47.538
2024-09-04 23:07:37.398,bitgetAPU,bitget,APUUSDT,156576.2,bitget,filled,0,buy->sell,1,1.2,28.66910222,0.0001831,29.87473896,0.0001908,1.21,1215243118476730390,82f32c40-4001-4114-ba66-0b5dfa4ce66b,1215250921723469827,fcac3936-e7eb-4330-a655-758a65ea4bb3,2024-09-04 23:37:56.277,2024-09-05 00:10:05.960
2024-09-05 14:04:42.234,bitgetAPU,bitget,APUUSDT,152594.1,bitget,filled,0,buy->sell,1,1.2,28.65717198,0.0001878,29.86266537,0.0001957,1.21,1215468889824763911,271bc724-9677-4cd0-80f9-cea14746a005,1215472133728837633,a1d424ee-48fb-40de-9816-963ae1675aa3,2024-09-05 14:17:10.367,2024-09-05 14:21:49.380
2024-09-05 14:04:44.419,bitgetAPU,bitget,APUUSDT,152594.1,bitget,filled,0,sell->buy,1,1.2,27.45167859,0.0001799,28.65717198,0.0001878,1.21,1215468889824763911,9f6990cd-1052-4f71-9d6a-6c083b518aa4,1215472134769025033,c6a66d4d-99da-4927-a1af-b9c4738c3752,2024-09-05 14:17:10.367,2024-09-05 14:36:14.107
2024-09-06 01:59:38.038,bitgetAPU,bitget,APUUSDT,159193.42,bitget,filled,0,buy->sell,1,1.2,28.766250994,0.0001807,29.960201644,0.0001882,1.19,1215648795133157390,56a87343-f7b1-460c-bf38-4773e047ff87,1215655337102352390,d81ca2c7-f366-4bb7-bbc8-51988a03ae7f,2024-09-06 02:24:50.694,2024-09-06 20:27:04.017
2024-09-06 21:58:38.543,bitgetAPU,bitget,APUUSDT,163800.16,bitget,filled,0,buy->sell,1,1.2,28.779688112,0.0001757,29.97542928,0.000183,1.2,1215950534201778187,e29bc186-1ee5-4612-9928-c381f8474ddc,1215955063479672846,63e6f27f-267c-4a9f-9ab1-97a41291fdec,2024-09-06 22:15:46.558,2024-09-09 16:01:58.031
2024-09-08 20:09:37.779,bitgetAPU,bitget,APUUSDT,164835.16,bitget,filled,0,buy->sell,1,1.2,28.747251904,0.0001744,29.950548572,0.0001817,1.2,1216647875594493981,cf17bf8b-2e4c-4a67-b2f3-401dfe1e5e32,1216652656975224834,83506032-b1b2-44b9-9d84-c6d96ee106ea,2024-09-08 20:27:53.947,2024-09-09 16:01:56.774
2024-09-11 11:44:38.074,bitgetAPU,bitget,APUUSDT,153217.57,bitget,filled,0,buy->sell,1,1.2,28.774259646,0.0001878,29.969356692,0.0001956,1.2,1217607952946110464,d5b6aa83-c42d-4987-93c2-a22111631a72,1217613488395591691,779f6fc2-8624-4264-8d92-19bdf52e9721,2024-09-11 12:06:07.447,2024-09-11 17:18:26.295
2024-09-11 19:06:44.361,bitgetAPU,bitget,APUUSDT,150262.96,bitget,filled,0,buy->sell,1,1.2,28.745304248,0.0001913,29.947407928,0.0001993,1.2,1217719214673698819,8e8f6021-2a39-4f84-8c55-8b4916a73f79,1217723726612340736,8b1e2693-c490-4a6d-a784-293f1cc3fef6,2024-09-11 19:24:16.787,2024-09-12 04:55:13.879
2024-09-11 21:32:38.292,bitgetAPU,bitget,APUUSDT,154479.92,bitget,filled,0,buy->sell,1,1.2,28.779609096,0.0001863,29.984552472,0.0001941,1.2,1217755932466552833,1c551e43-b821-4bfa-9a40-a3050ab72e97,1217761466779377687,6e8353c5-e4ae-4a28-809e-ffa25b487ffd,2024-09-11 21:53:50.537,2024-09-12 04:55:13.453
2024-09-12 04:42:37.721,bitgetAPU,bitget,APUUSDT,156453.72,bitget,filled,0,sell->buy,1,1.2,30.03911424,0.000192,31.243807884,0.0001997,1.2,1217864142422745088,435cd048-66f5-4b04-ab6b-3e0054d437e5,1217867414323798059,760566cc-022c-40e3-b911-d6609b4ca137,2024-09-12 04:55:13.879,2024-09-12 06:04:12.682
2024-09-15 10:34:37.977,bitgetAPU,bitget,APUUSDT,142382.53,bitget,filled,0,buy->sell,1,1.2,28.718556301,0.0002017,29.914569553,0.0002101,1.2,1219039892244996109,8bfb0f81-edae-41a0-8780-99e5ec4fd773,1219042157190127624,ba7f535c-a829-4cd6-a7f9-4e55ccad3d45,2024-09-15 10:42:55.146,2024-09-15 22:40:49.337
2024-09-16 17:44:37.820,bitgetAPU,bitget,APUUSDT,160814.79,bitget,filled,0,buy->sell,1,1.2,28.753684452,0.0001788,29.959795377,0.0001863,1.21,1219510487604731905,ad28b4d1-024b-41aa-abf2-d84211a5b49b,1219511745765908491,5ebc2aa9-c84b-4e9b-ac45-70d59c937c49,2024-09-16 17:49:31.187,2024-09-16 20:08:02.333
2024-09-16 22:02:14.864,bitgetSLERF,bitget,SLERFUSDT,198.68,bitget,filled,0,buy->sell,1,1.2,28.748996,0.1447,29.941076,0.1507,1.19,1219575320907816960,56b634e3-be6c-48d0-87cc-5833636bbd32,1219583126402703360,e76ffb1c-8fa9-4ca6-92ef-76780b969b0c,2024-09-16 22:33:14.160,2024-09-17 02:03:57.516
2024-09-17 00:42:25.950,bitgetMEW,bitget,MEWUSDT,7300.16,bitget,filled,0,buy->sell,1,1.2,28.7626304,0.00394,29.95985664,0.004104,1.2,1219615632669745160,a516249c-8d25-4ff6-9c38-b9956404f04d,1219616387321503746,d6b2c591-dc67-42ac-a935-2c35edfe289a,2024-09-17 00:45:17.027,2024-09-17 00:46:19.928
2024-09-17 15:23:38.045,bitgetAPU,bitget,APUUSDT,130804.45,bitget,filled,0,sell->buy,1,1.2,30.019621275,0.0002295,31.223022215,0.0002387,1.2,1219837391520079873,afd5c4ff-431d-4e6d-ab21-89f3254e3824,1219842178374377484,0841e631-ed84-4c25-88f4-efcbb583f577,2024-09-17 15:41:39.573,2024-09-17 20:05:36.748
2024-09-18 00:06:13.907,bitgetSLERF,bitget,SLERFUSDT,197.56,bitget,filled,0,buy->sell,1,1.2,28.74498,0.1455,29.950096,0.1516,1.21,1219968910658052109,8d1b0f0b-ac3b-4117-a97f-e7c30c201336,1219976208956727311,a601c86d-4283-475e-a993-a0c0238f4d47,2024-09-18 00:34:26.558,2024-09-18 10:55:03.474
2024-09-18 08:27:37.454,bitgetAPU,bitget,APUUSDT,117647.06,bitget,filled,0,buy->sell,1,1.2,28.729412052,0.0002442,29.929412064,0.0002544,1.2,1220095093257216007,1cb43189-d934-4905-9830-1fa4a9155624,1220096354266324995,de63901e-28bd-4476-9a32-35c8815af6a8,2024-09-18 08:31:52.174,2024-09-18 09:09:55.832
2024-09-19 12:15:37.870,bitgetAPU,bitget,APUUSDT,97103.09,bitget,filled,0,buy->sell,1,1.2,28.771645567,0.0002963,29.975723883,0.0003087,1.2,1220514860715679745,cbcef441-436d-4151-a1c0-b615e4c03788,1220521653202264066,17aaf232-61c7-4485-8023-cacf5ba0b515,2024-09-19 12:41:41.769,2024-09-19 15:28:14.565
2024-09-19 14:54:28.873,bitgetMEW,bitget,MEWUSDT,5351.89,bitget,filled,0,buy->sell,1,1.2,28.72359363,0.005367,29.92241699,0.005591,1.2,1220554850262786077,a4b4cc46-e3be-4d94-b76d-8a6a319f1255,1220556340742266887,c5531b2b-f498-4110-9138-c17be4294f2e,2024-09-19 15:00:01.328,2024-09-19 16:32:39.018
2024-09-19 15:25:38.080,bitgetAPU,bitget,APUUSDT,99157.16,bitget,filled,0,sell->buy,1,1.2,30.054535196,0.0003031,31.254336832,0.0003152,1.2,1220562677668716550,c7bb8cd0-729c-45c2-9231-cd70a99c714c,1220570220394651649,c17ec8dc-a8cc-4010-8ba1-beebb3c50d8a,2024-09-19 15:55:05.888,2024-09-19 21:50:15.623
2024-09-19 17:42:27.535,bitgetMEW,bitget,MEWUSDT,5451.57,bitget,filled,0,buy->sell,1,1.2,28.77883803,0.005279,29.97818343,0.005499,1.2,1220597105434501131,de5c23ef-4bc0-48ea-94e7-35e928af279d,1220603137615405069,13b0007f-2afb-4ccd-ba3b-2bfb91ddd126,2024-09-19 18:05:48.664,2024-09-20 00:53:36.148
2024-09-19 21:45:37.566,bitgetAPU,bitget,APUUSDT,97608.59,bitget,filled,0,buy->sell,1,1.2,28.755490614,0.0002946,29.956076271,0.0003069,1.2,1220658300761874446,a9d87af0-0a32-480c-a68f-62376032a81e,1220660061895598081,2ad93f76-1e9d-4045-9845-91c5a201e335,2024-09-19 21:52:32.695,2024-09-20 13:34:02.887
2024-09-20 07:53:37.854,bitgetAPU,bitget,APUUSDT,103986.14,bitget,filled,0,sell->buy,1,1.2,29.989602776,0.0002884,31.185443386,0.0002999,1.2,1220811313853964293,ba258f75-14cc-4d1a-9472-0209704ce3b8,1220818863429197826,011aa89a-5069-4f6a-bdbc-56f0f3666ecd,2024-09-20 08:22:42.678,2024-09-20 09:05:01.509
2024-09-21 04:02:37.629,bitgetAPU,bitget,APUUSDT,109409.19,bitget,filled,0,buy->sell,1,1.2,28.763676051,0.0002629,29.967177141,0.0002739,1.2,1221115564765421575,be3ea10d-cbe7-4507-9070-7bc753c40813,1221122611431022601,2a275830-d91e-4eb8-8a71-c0217e8c8764,2024-09-21 04:29:57.663,2024-09-22 01:58:42.701
2024-09-22 01:57:37.570,bitgetAPU,bitget,APUUSDT,110599.08,bitget,filled,0,sell->buy,1,1.2,30.094009668,0.0002721,31.288479732,0.0002829,1.19,1221446496382820352,9793be6b-e80e-4b1f-bdc1-1bedb3a1744c,1221448510634401796,1db3d4fb-6c3a-40b8-99a5-8337a4bcc994,2024-09-22 02:05:32.187,2024-09-22 14:33:14.001
2024-09-24 00:10:37.271,bitgetAPU,bitget,APUUSDT,112338.51,bitget,filled,0,buy->sell,1,1.2,28.691255454,0.0002554,29.893277511,0.0002661,1.2,1222144341821825036,4806a730-ee3b-41be-9f53-4a1e382d9766,1222149878047252500,eb19b30a-a9f7-46b0-83de-4a5c95c9b29d,2024-09-24 00:32:14.156,2024-09-25 09:49:55.656
2024-09-24 01:04:38.026,bitgetAPU,bitget,APUUSDT,117050.33,bitget,filled,0,buy->sell,1,1.2,28.665625817,0.0002449,29.871244216,0.0002552,1.21,1222157935233933337,6791fa71-bc59-494b-b89f-fef0bd162c63,1222163973660155905,a232f87e-a0c0-4558-b0b8-4e676ac19e7b,2024-09-24 01:28:15.400,2024-09-25 07:11:51.070
2024-09-25 04:20:37.849,bitgetAPU,bitget,APUUSDT,125339.46,bitget,filled,0,sell->buy,1,1.2,30.043868562,0.0002397,31.247127378,0.0002493,1.2,1222569649075068933,330c1500-5f6c-4b6e-a83e-ee87d4175b33,1222573172382703633,ca8e29dc-a7bc-4cb1-a6e7-a79438e953da,2024-09-25 04:34:30.375,2024-09-25 16:25:32.561
2024-09-25 09:22:38.046,bitgetAPU,bitget,APUUSDT,116166.51,bitget,filled,0,sell->buy,1,1.2,30.156825996,0.0002596,31.353341049,0.0002699,1.2,1222645652807950341,1cb74b89-07e4-4e86-a553-9f95994c5465,1222653199359090694,9144b6cf-b0cd-429b-9915-166031755357,2024-09-25 09:52:03.694,2024-09-25 11:32:54.525
2024-09-25 19:58:37.852,bitgetAPU,bitget,APUUSDT,119450.53,bitget,filled,0,sell->buy,1,1.2,30.089588507,0.0002519,31.284093807,0.0002619,1.19,1222805701446541339,d75ccaf6-6f39-4f28-ad64-1cbb1b1a3abe,1222812768605511684,da52e480-7633-49ce-978f-580b688e6b3c,2024-09-25 20:26:02.607,2024-09-26 09:36:16.642
2024-09-26 15:39:40.305,bitgetAPU,bitget,APUUSDT,104620.75,bitget,filled,0,buy->sell,1,1.2,28.634699275,0.0002737,29.8378379,0.0002852,1.2,1223102918791208969,443a77f6-810c-4fb5-b816-13d4d9d75294,1223110483491102728,2036ab07-947e-4fe5-bff8-074b2cb3d92b,2024-09-26 16:08:15.425,2024-09-26 17:26:29.611
2024-09-26 19:21:39.411,bitgetAPU,bitget,APUUSDT,98522.17,bitget,filled,0,buy->sell,1,1.2,28.66995147,0.000291,29.871921944,0.0003032,1.2,1223158784072556546,0c5c2055-815a-4f89-9a44-9871cbd5ce19,1223165070143070211,90c92248-95fe-4afa-99a0-1bbca20ab9ba,2024-09-26 19:46:30.409,2024-09-26 20:03:13.502
2024-09-27 03:46:38.025,bitgetAPU,bitget,APUUSDT,95253.21,bitget,filled,0,buy->sell,1,1.2,28.76646942,0.000302,29.966659866,0.0003146,1.2,1223285868585492489,1f2e0327-e2ff-46c0-be51-b828704adb0d,1223288886525632526,0a4034c7-47ff-4b88-a9aa-fc4d9a815461,2024-09-27 03:58:21.849,2024-09-27 11:58:01.833
2024-09-27 16:05:37.963,bitgetAPU,bitget,APUUSDT,96200.1,bitget,filled,0,sell->buy,1,1.2,30.02405121,0.0003121,31.22655246,0.0003246,1.2,1223471840765878280,96a23c28-8f0b-4032-b3f9-2f03bc07b840,1223476367187451910,b1b7b431-ff38-4e43-88b1-7a1377a488e3,2024-09-27 16:23:17.217,2024-09-27 20:17:05.077
2024-09-27 17:45:25.602,bitgetMEW,bitget,MEWUSDT,4496.07,bitget,filled,0,buy->sell,1,1.2,28.79283228,0.006404,29.99328297,0.006671,1.2,1223496954387570717,7d4d56c4-6d18-4382-aeb0-383027fe34ab,1223505006318788609,919ea087-99e6-4eed-a0f2-5cdc3f62dfce,2024-09-27 18:16:26.678,2024-10-07 21:18:39.987
2024-09-27 17:45:25.844,bitgetMEW,bitget,MEWUSDT,4496.07,bitget,filled,0,sell->buy,1,1.2,27.59238159,0.006137,28.79283228,0.006404,1.2,1223496955918491656,12d08d8c-de49-4d28-acd5-c5a337602f52,1223505008063619084,4e8109e5-5c43-4380-af38-ad8088260a47,2024-09-27 18:16:26.678,2024-09-28 03:33:52.653
2024-09-30 03:13:37.689,bitgetAPU,bitget,APUUSDT,75122.07,bitget,filled,0,buy->sell,1,1.2,28.666581912,0.0003816,29.868535032,0.0003976,1.2,1224364725103173639,ce534b33-4634-47b1-833a-c3e051920435,1224369254896967722,5351526c-0371-4fea-a640-753243ed7f02,2024-09-30 03:31:01.224,2024-10-01 02:46:44.717
2024-09-30 13:59:25.691,bitgetMEW,bitget,MEWUSDT,4759.64,bitget,filled,0,buy->sell,1,1.2,28.7720238,0.006045,29.97145308,0.006297,1.2,1224527249555529763,1bc839b4-b151-4020-a41a-19fe9b6aee2f,1224534797478207488,ed329308-4be2-46d8-a45d-12c37b169c57,2024-09-30 14:29:21.354,2024-10-07 00:20:35.150
2024-09-30 16:51:38.032,bitgetAPU,bitget,APUUSDT,80797.2,bitget,filled,0,buy->sell,1,1.2,28.75572348,0.0003559,29.95960176,0.0003708,1.2,1224570579920297986,8039c41a-28af-4df8-a541-34bfc039b146,1224578130091122700,40edc52b-3924-4267-af7a-c3d3cc450d93,2024-09-30 17:20:38.036,2024-09-30 21:06:05.059
2024-09-30 21:21:37.813,bitgetAPU,bitget,APUUSDT,80710.25,bitget,filled,0,sell->buy,1,1.2,30.1856335,0.000374,31.388216225,0.0003889,1.2,1224638528219791371,594a8dac-3686-4465-88dd-cfee865cfba3,1224643562143760421,8d7f867f-1ebc-4fb3-b8f6-87295742a39d,2024-09-30 21:40:45.709,2024-09-30 22:08:12.637
2024-10-01 22:22:37.971,bitgetAPU,bitget,APUUSDT,74645.43,bitget,filled,0,buy->sell,1,1.2,28.686238749,0.0003843,29.888030172,0.0004004,1.2,1225016268555042819,5f2f2759-0338-4fee-85ca-5059d7b09688,1225023064346738688,481f5d87-37d6-4dbc-8934-e3bb2fe79037,2024-10-01 22:49:34.015,2024-10-01 23:37:44.894
2024-10-01 22:25:26.710,bitgetMEW,bitget,MEWUSDT,5256.7,bitget,filled,0,buy->sell,1,1.2,28.7699191,0.005473,29.9684467,0.005701,1.2,1225016976121544722,6a3fdf2a-c370-4bd1-a0a6-87863bb4946d,1225024020144734226,21804474-f97e-4ab7-9267-c7fcf7cd4ac6,2024-10-01 22:52:36.334,2024-10-05 05:01:50.151
2024-10-01 22:42:40.683,bitgetAPU,bitget,APUUSDT,76657.72,bitget,filled,0,sell->buy,1,1.2,30.0881551,0.0003925,31.291681304,0.0004082,1.2,1225021322355818500,76bfd36e-4e1b-4da5-9f29-12697b1e8e58,1225091007596216320,5c43dc19-634b-4efb-9f6a-5e3cc554bcff,2024-10-01 23:44:36.501,2024-10-02 04:20:55.557
2024-10-01 22:49:38.763,bitgetAPU,bitget,APUUSDT,77922.08,bitget,filled,0,buy->sell,1,1.2,31.291681304,0.0004082,32.495207508,0.0004239,1.2,1225023066603274274,ef473ec1-5d70-4f38-865c-3c107eec2381,1225091008862896129,e943369a-abba-461d-9cbc-f0f34d6b0513,2024-10-01 23:44:36.501,2024-10-02 11:40:46.663
2024-10-02 03:51:38.930,bitgetAPU,bitget,APUUSDT,73313.78,bitget,filled,0,buy->sell,1,1.2,28.695013492,0.0003914,29.897359484,0.0004078,1.2,1225099066628390917,9102bf80-24a2-4684-a42a-b046f8f076ce,1225106610092523520,4d82b15d-1fb3-4f90-98e6-ca4bb4c26a3e,2024-10-02 04:21:28.009,2024-10-02 06:01:01.382
2024-10-02 18:45:37.738,bitgetAPU,bitget,APUUSDT,73755.38,bitget,filled,0,buy->sell,1,1.2,28.742471586,0.0003897,29.94468428,0.000406,1.2,1225324044196003860,22f9c14e-63c4-4fee-a777-1494d4b63b9b,1225331601836883977,8c224eef-00b0-423d-9016-e63d757b13e1,2024-10-02 19:15:02.616,2024-10-02 20:06:36.781
2024-10-03 03:15:38.274,bitgetAPU,bitget,APUUSDT,72665.62,bitget,filled,0,buy->sell,1,1.2,28.695653338,0.0003949,29.894636068,0.0004114,1.2,1225452394717659153,920fab9b-7c78-4408-bf51-afd91b733477,1225459187812417539,d89a7b13-3907-461d-b5e0-91a65921273e,2024-10-03 03:42:27.008,2024-10-03 04:56:00.091
2024-10-03 05:50:37.694,bitgetAPU,bitget,APUUSDT,72063.42,bitget,filled,0,buy->sell,1,1.2,28.738891896,0.0003988,29.94235101,0.0004155,1.2,1225491400041971712,146d7903-6e67-41c8-8623-57789c627d23,1225493914086817809,369ba79e-e107-47c6-b40a-92042593211a,2024-10-03 06:00:15.482,2024-10-06 19:01:51.979
2024-10-04 18:27:37.943,bitgetAPU,bitget,APUUSDT,80493.69,bitget,filled,0,buy->sell,1,1.2,28.776494175,0.0003575,29.975850156,0.0003724,1.2,1226044291089711117,c826d889-099e-4621-9a90-1732ad2f0d2a,1226050834149425152,4bfafa02-584a-4eed-b1e0-da50146005f0,2024-10-04 18:53:11.919,2024-10-04 20:53:49.555
2024-10-06 23:58:37.506,bitgetAPU,bitget,APUUSDT,64509.19,bitget,filled,0,buy->sell,1,1.2,28.738844145,0.0004455,29.938715079,0.0004641,1.2,1226852364972736545,2ba6283d-8fa1-48b1-9242-68fdffdf3773,1226858907462025230,080eee6c-6f90-4a9d-8a10-44b9300ee8f4,2024-10-07 00:24:14.600,2024-10-07 02:01:39.199
2024-10-08 14:52:38.414,bitgetAPU,bitget,APUUSDT,57620.28,bitget,filled,0,buy->sell,1,1.2,28.758281748,0.0004991,29.956783572,0.0005199,1.2,1227439743810945025,d814ce86-32b6-49a8-bdde-b0a6dd18eca5,1227447543198924814,51a37c17-63ec-416e-88da-cef22e4e18a7,2024-10-08 15:22:41.667,2024-10-08 16:17:10.317
2024-10-08 22:18:40.167,bitgetAPU,bitget,APUUSDT,56603.77,bitget,filled,0,buy->sell,1,1.2,28.749054783,0.0005079,29.949054707,0.0005291,1.2,1227551985889984533,a0da4485-30d1-4881-90c1-44f02e0bdadc,1227555754786701333,711a1967-8256-4337-975c-8e2d2cf113c3,2024-10-08 22:33:30.933,2024-10-08 23:03:09.435
2024-10-09 11:19:37.636,bitgetAPU,bitget,APUUSDT,46540.49,bitget,filled,0,sell->buy,1,1.2,30.093080834,0.0006466,31.293825476,0.0006724,1.2,1227748523757027344,40b49c27-b9c4-4764-a5e1-37de6f10b1c6,1227755823402074137,1a12f33e-16b3-4d9e-a73c-935767807682,2024-10-09 11:48:21.851,2024-10-09 11:48:39.725
2024-10-09 19:48:26.105,bitgetMEW,bitget,MEWUSDT,4618.58,bitget,filled,0,buy->sell,1,1.2,28.76451624,0.006228,29.96534704,0.006488,1.2,1227876565368193024,97a45086-26ee-47c2-b0f3-41f9108a769b,1227883367841415180,3ceeba0c-9b70-4e6f-91ef-101235565b37,2024-10-09 20:15:17.489,2024-10-11 20:52:41.897
2024-10-09 23:00:31.010,bitgetMEW,bitget,MEWUSDT,5078.72,bitget,filled,0,sell->buy,1,1.2,29.97460544,0.005902,31.17318336,0.006138,1.2,1227924914041536520,f80da862-41e6-4de6-b21b-24e91b8e3a63,1227932729523060760,60b790f8-7c98-451f-980f-dc330f2350f6,2024-10-09 23:31:03.718,2024-10-10 02:16:55.431
2024-10-10 04:04:37.230,bitgetAPU,bitget,APUUSDT,47656.87,bitget,filled,0,buy->sell,1,1.2,28.713264175,0.0006025,29.914217299,0.0006277,1.2,1228001429236236309,dd742c15-56f3-45d4-9f75-e7e42dee9d91,1228006964228538373,c43ff093-ab16-4453-b22c-d81b2895128b,2024-10-10 04:25:57.303,2024-10-10 07:04:29.445
2024-10-10 17:05:37.041,bitgetAPU,bitget,APUUSDT,40387.72,bitget,filled,0,buy->sell,1,1.2,28.683358744,0.0007102,29.882874028,0.0007399,1.2,1228197977660342273,34fbf77e-b921-4fb6-83d1-f700f5564042,1228204524369100808,0de9f237-663c-43ed-b4eb-0ae26a48c350,2024-10-10 17:31:09.892,2024-10-10 18:28:37.987
2024-10-11 03:31:19.588,bitgetBABYDOGE,bitget,BABYDOGEUSDT,10302197802.0,bitget,filled,0,buy->sell,1,1.2,28.784340658788,2.794e-09,30.504807691722,2.961e-09,1.72,1228355440816701442,2e60c1f4-d03a-45a0-a85e-ac6cee8a85ef,1228358208667271168,3e6c40a3-6389-4a7c-81e6-055476b5ff8c,2024-10-11 03:42:16.240,2024-10-11 03:42:19.491
2024-10-11 03:31:19.811,bitgetBABYDOGE,bitget,BABYDOGEUSDT,10302197802.0,bitget,filled,0,sell->buy,1,1.2,30.010302197226,2.913e-09,31.205357142258,3.029e-09,1.2,1228355441743642626,990dae93-df2b-4e0b-8812-9bf67ff17fee,1228361228884918277,ef5d904a-33fd-4ddc-bc48-7f33270bb168,2024-10-11 03:54:04.321,2024-10-11 06:25:54.258
2024-10-11 12:36:04.321,bitgetTURBO,bitget,TURBOUSDT,4680.0,bitget,filled,0,buy->sell,1,1.2,28.792764,0.0061523,29.9927628,0.00640871,1.2,1228492533467463680,e45816be-e1ee-42b0-82f4-1e46d0489409,1228497314307129344,18147e5e-d8e0-4f2c-8fd7-1001f3da4af7,2024-10-11 12:54:07.550,2024-10-11 15:38:09.641
2024-10-11 18:22:16.180,bitgetNEIRO,bitget,NEIROUSDT,343.25,bitget,filled,0,sell->buy,1,1.2,30.034375,0.0875,31.23575,0.091,1.2,1228579656073756675,09bdafa7-3b4c-47f8-adfa-2e6421e31655,1228586173552410629,ecb8c4ef-62b9-41bc-99e5-532891cd4a56,2024-10-11 18:48:00.285,2024-10-11 19:40:17.013
2024-10-11 19:04:13.708,bitgetNEIRO,bitget,NEIROUSDT,325.73,bitget,filled,0,sell->buy,1,1.2,30.032306,0.0922,31.237507,0.0959,1.21,1228590215523483653,9dc4b997-4f4b-45a4-a2de-0cae9e185625,1228593488770908164,6ddb8831-3fcc-4d3b-95c4-261339868e20,2024-10-11 19:17:07.133,2024-10-11 19:21:01.570
2024-10-11 19:14:14.766,bitgetNEIRO,bitget,NEIROUSDT,318.98,bitget,filled,0,buy->sell,1,1.2,28.771996,0.0902,29.98412,0.094,1.21,1228592736837058566,f388e1ca-e309-4340-972b-dfe760ea8d65,1228594746638483456,481418d8-ad37-4f6c-b330-0f16f3ae96b7,2024-10-11 19:21:59.859,2024-10-11 23:30:27.573
2024-10-11 19:39:13.866,bitgetNEIRO,bitget,NEIROUSDT,338.41,bitget,filled,0,buy->sell,1,1.2,28.798691,0.0851,29.983126,0.0886,1.18,1228599024547545115,f5541f5a-6aea-48f7-a409-b89271cc0c0b,1228602295605542940,b413a21b-8f02-44ba-b857-6358a8e78c19,2024-10-11 19:52:09.116,2024-10-11 20:33:33.199
2024-10-12 03:12:14.913,bitgetNEIRO,bitget,NEIROUSDT,313.48,bitget,filled,0,sell->buy,1,1.2,30.000036,0.0957,31.19126,0.0995,1.19,1228713032470511627,21ebaf06-3923-4b20-bf01-110b3554c1db,1228715291145158670,c1fe4309-8e7c-4cf0-8009-597fa6819228,2024-10-12 03:20:55.413,2024-10-12 03:28:52.426
2024-10-12 09:21:13.544,bitgetNEIRO,bitget,NEIROUSDT,279.59,bitget,filled,1,sell->buy,1,1.2,30.083884,0.1076,31.286121,0.1119,1.2,1228805890359705613,fd801d75-af3d-491c-9c49-3a42984e8849,1228809162403364880,a6ae2df6-c30e-428a-9085-3dc405a5e881,2024-10-12 09:34:12.650,2024-10-12 12:13:02.652
2024-10-12 11:08:14.605,bitgetNEIRO,bitget,NEIROUSDT,257.29,bitget,filled,1,buy->sell,1,1.2,28.765022,0.1118,29.974285,0.1165,1.21,1228832822933602310,0960c839-cfbc-4e1d-abc5-6f26825aa519,1228836089667272710,54ca9d35-dfdb-4bae-a101-d458637e1838,2024-10-12 11:20:53.162,2024-10-12 14:21:47.154
2024-10-12 12:33:33.476,bitgetBABYDOGE,bitget,BABYDOGEUSDT,9883050568.0,bitget,filled,1,sell->buy,1,1.2,29.965409322176,3.032e-09,31.161258440904,3.153e-09,1.2,1228854293508669461,16aeb738-63fb-4d6c-b282-3717b77c46b9,1228857560334614538,a80207d6-2c63-41f9-930b-1c735c54ab76,2024-10-12 12:45:51.966,2024-10-12 19:03:06.668
2024-10-12 20:10:09.988,bitgetSLERF,bitget,SLERFUSDT,162.6,bitget,filled,1,sell->buy,1,1.2,30.081,0.185,31.28424,0.1924,1.2,1228969199008497664,f1cf3b5a-77c8-468f-92cf-be96aa0f107a,1228970448210640931,4beed8c8-3f3e-4d4c-bd7a-ef667f61581d,2024-10-12 20:14:27.866,2024-10-12 20:17:44.726
2024-10-12 20:26:10.526,bitgetSLERF,bitget,SLERFUSDT,144.65,bitget,filled,0,sell->buy,1,1.2,30.159525,0.2085,31.36012,0.2168,1.2,1228973228287606787,f777c984-bfb0-45f5-ac01-1d39ca0f4a86,1228973969937022984,e5222d33-2762-43fd-9569-b93fc22cc72b,2024-10-12 20:28:26.766,2024-10-12 20:30:50.314
2024-10-12 20:29:07.952,bitgetSLERF,bitget,SLERFUSDT,141.78,bitget,filled,0,sell->buy,1,1.2,30.129397,0.2125080899985894,31.361736,0.2212,1.23,1228973972461993992,1e0dc257-76ee-4f9d-ac17-fc7cbfb0e982,1228974221817561095,a85dbb11-37b7-4669-aa97-9162488425d0,2024-10-12 20:29:31.948,2024-10-12 20:30:08.767
2024-10-12 20:36:09.637,bitgetSLERF,bitget,SLERFUSDT,140.02,bitget,filled,1,buy->sell,1,1.2,28.7041,0.205,29.908272,0.2136,1.2,1228975740898000896,59c51b85-b10c-4859-8b16-90ffd8297f81,1228976488872427535,1acf2f33-5f53-43b4-b1e7-a16d7d4ea65f,2024-10-12 20:38:51.950,2024-10-12 20:43:22.976
2024-10-12 20:23:07.721,bitgetSLERF,bitget,SLERFUSDT,150.11,bitget,filled,1,sell->buy,1,1.2,30.082044,0.2004,31.282924,0.2084,1.2,1228972461359120402,eddcd70b-0c78-4c2d-b9eb-ad228cccb49a,1228973226022682624,cc65efc8-eabd-47f1-8c77-1f3ff81e32de,2024-10-12 20:25:20.696,2024-10-12 20:50:21.534
2024-10-12 20:07:08.105,bitgetSLERF,bitget,SLERFUSDT,171.33,bitget,filled,1,sell->buy,1,1.2,30.119814,0.1758,31.319124,0.1828,1.2,1228968436265926656,fd67ffb4-9061-44ae-9ff7-2c455e26bfd4,1228969195502059520,c6dfb766-a692-45ad-876f-6c6d9b3cbbda,2024-10-12 20:09:09.794,2024-10-12 23:52:15.730
2024-10-13 02:05:13.612,bitgetNEIRO,bitget,NEIROUSDT,251.89,bitget,filled,1,buy->sell,1,1.2,28.765838,0.1142,29.97491,0.119,1.21,1229058554796457984,3a085b56-0e9e-4172-9ec6-67881fefb403,1229060063210782747,6efc7581-c647-4e5f-bc1c-fe3a9843ea35,2024-10-13 02:11:07.303,2024-10-13 04:51:16.236
2024-10-12 23:48:09.050,bitgetSLERF,bitget,SLERFUSDT,164.38,bitget,filled,1,buy->sell,1,1.2,28.782938,0.1751,29.982912,0.1824,1.2,1229024057694633991,81dc3c47-ecee-4fb0-af40-b6fbedd55a07,1229025561964986374,aee1f416-5c4a-4668-bbf6-f39d9513a98b,2024-10-12 23:53:10.731,2024-10-13 05:01:15.630
2024-10-13 07:56:38.381,bitgetAPU,bitget,APUUSDT,114403.39,bitget,filled,1,buy->sell,1,1.2,98.352594383,0.0008597,99.553829978,0.0008702,1.2,1229146993554374660,0952a668-4547-495c-8106-08990600f68a,1229147241530015746,00e4fe4e-18a0-4a23-9880-b401674abebc,2024-10-13 07:56:47.152,2024-10-13 08:12:42.202
2024-10-13 07:56:38.842,bitgetAPU,bitget,APUUSDT,228806.77,bitget,filled,1,buy->sell,2,9.6,189.474886237,0.0008281,199.084770577,0.0008701,9.61,1229146994573590533,b98f74ae-0310-47b8-a75e-7ad989d537b3,1229147243220320266,f34bf502-e82b-420c-9e3b-6dc159d549ce,2024-10-13 07:56:47.152,2024-10-13 08:12:39.137
2024-10-13 09:16:31.394,bitgetBABYDOGE,bitget,BABYDOGEUSDT,9596928983.0,bitget,filled,0,sell->buy,1,1.2,29.769673705266,3.102e-09,31.199616123733,3.251e-09,1.43,1229167096937332758,8b68bbc4-a351-452b-9831-47e5ed5dc23d,1229167350759833602,9f8f548f-6b43-4658-9910-d6b0229de5f8,2024-10-13 09:16:36.245,2024-10-13 09:17:33.997
2024-10-13 05:32:03.101,bitgetTURBO,bitget,TURBOUSDT,3413.0,bitget,filled,1,sell->buy,1,1.2,30.0077786,0.0087922,31.2077894,0.0091438,1.2,1229110605014384643,fd115dcc-f912-40e1-ab2d-b8005311ea65,1229111854866645006,db67f489-0e76-4db1-bbaf-989a8bf13ca3,2024-10-13 05:36:13.891,2024-10-13 09:18:39.449
2024-10-13 08:59:13.265,bitgetNEIRO,bitget,NEIROUSDT,239.23,bitget,filled,1,buy->sell,1,1.2,28.779369,0.1203,29.975519,0.1253,1.2,1229162741957935115,cea8d5b6-12b7-457b-8ce1-24bdcdc2a584,1229163747303243783,d39c4b46-102b-474a-86a3-391f4f63d556,2024-10-13 09:02:48.616,2024-10-13 12:43:13.712
2024-10-12 20:50:07.130,bitgetSLERF,bitget,SLERFUSDT,149.07,bitget,filled,1,buy->sell,1,1.2,28.740696,0.1928,29.933256,0.2008,1.19,1228979254101557256,f0c8b2dd-3676-4703-b163-4578af4b9d15,1228980012033261568,d01c1bf9-546a-434e-89a9-a68ed73f2529,2024-10-12 20:52:55.605,2024-10-13 15:01:32.098
2024-10-12 20:47:08.413,bitgetSLERF,bitget,SLERFUSDT,142.79,bitget,filled,1,buy->sell,1,1.2,28.729348,0.2012,29.928784,0.2096,1.2,1228978504646541314,8b918734-de95-4982-a782-0325518b38e7,1228979511224975362,e92c99af-571b-4d3c-80bb-c8b6871bb2e8,2024-10-12 20:50:18.362,2024-10-13 17:08:13.724
2024-08-01 04:47:31.365,bitgetAPU,bitget,APUUSDT,54970.22,bitget,filled,1,buy->sell,1,1.2,28.83188,0.000525,30.030231186,0.0005463,1.2,1202645082751836160,98c33d24-0a1e-4278-b5f7-057a0d1858c9,1202646593808572419,39dda078-a5ba-4d3a-baea-c458d1454086,2024-08-01 04:47:31.365,2024-10-07 15:11:24.998
2024-08-01 18:11:01.836,bitgetAPU,bitget,APUUSDT,59952.04,bitget,filled,1,buy->sell,1,1.2,28.717027,0.000479,29.916068,0.000499,1.2,1202847289275260976,ef446521-20c6-446a-ac6f-9fb4f1f569af,1202849302952222730,131ac058-741b-4049-9311-0aeb2537c8b0,2024-08-01 18:11:01.836,2024-08-01 18:30:16.878
2024-08-05 01:06:01.744,bitgetAPU,bitget,APUUSDT,82884.38,bitget,filled,1,buy->sell,1,1.2,28.578534,0.000345,29.780358,0.000359,1.2,1204038894095114250,e12f6705-69d0-4c80-91e4-14050592ba81,1204040152952545296,ea85934d-2ce5-42fd-87d7-e92e7b4f0e99,2024-08-05 01:06:01.744,2024-08-05 02:51:31.585
2024-08-05 04:35:01.600,bitgetAPU,bitget,APUUSDT,77690.02,bitget,filled,1,buy->sell,1,1.2,28.574389,0.000368,29.770816,0.000383,1.2,1204091491292225545,f9f2620f-aaea-44d7-bc62-aee32e684a15,1204092624404422656,ce980e8f-e8ae-424d-861d-235281410888,2024-08-05 04:35:01.600,2024-08-06 09:36:32.039
2024-08-05 08:58:47.595,bitgetMEW,bitget,MEWUSDT,6796.56,bitget,filled,1,buy->sell,1,1.2,28.763042,0.004232,29.966033,0.004409,1.2,1204157873228816406,9f798a3f-53b2-433f-9cfc-fb36e11bd116,1204160259431276544,f58b4f2f-c575-4d9c-aab5-c537757e48b0,2024-08-05 08:58:47.595,2024-08-06 08:21:31.387
2024-08-05 09:09:47.062,bitgetMEW,bitget,MEWUSDT,7181.33,bitget,filled,1,buy->sell,1,1.2,28.703776,0.003997,29.903058,0.004164,1.2,1204160637937852424,a6771c36-03ef-4150-9579-eb9438835fdd,1204160889130524673,b9f6b786-813b-4063-a248-04699353e9eb,2024-08-05 09:09:47.062,2024-08-05 09:15:01.778
2024-10-14 06:01:49.044,bitgetGME,bitget,GMEUSDT,6128.7,bitget,filled,0,sell->buy,1,1.8,30.03063,0.0049,31.807953,0.00519,1.78,1229480482514419724,a0833bad-1c80-439f-8417-2b154d3e351f,1229482496115884044,13420354-df75-4d03-b576-3acf6c19f7f6,2024-10-14 06:09:23.649,2024-10-14 06:09:54.231
2024-10-14 13:48:20.968,bitgetNEIRO,bitget,NEIROUSDT,234.83,bitget,filled,0,buy->sell,1,1.8,28.132634,0.1198,30.504417,0.1299,2.37,1229597893842452485,36400717-c56e-482c-99ac-17329e5d1d64,1229600144589864966,569bcb99-d73c-40ae-b987-35d600cdf4e1,2024-10-14 13:56:36.955,2024-10-14 13:57:20.090
2024-10-14 07:17:49.351,bitgetGME,bitget,GMEUSDT,6276.15,bitget,filled,1,sell->buy,1,1.8,30.0627585,0.00479,31.882842,0.00508,1.82,1229499610130300929,a35e22ca-f65e-455c-856b-ebaab2d62b98,1229502886036914179,d3e817be-8ad1-42b5-bc16-bc4df7c67919,2024-10-14 07:30:44.263,2024-10-14 16:50:57.526
2024-10-14 23:57:04.598,bitgetTURBO,bitget,TURBOUSDT,9571.0,bitget,filled,1,sell->buy,1,4.6,100.17372298,0.01046638,104.773737,0.010947,4.6,1229751075449094144,b3c5fd08-2b43-49e5-b39c-fcfc150a8423,1229753357557317636,d4bfcbb0-5028-4e5d-8b17-92c8392a3faa,2024-10-15 00:05:23.489,2024-10-15 00:08:24.656
2024-10-15 06:51:02.788,bitgetTURBO,bitget,TURBOUSDT,8447.0,bitget,filled,1,sell->buy,1,4.6,100.01636562,0.01184046,104.61634841,0.01238503,4.6,1229855257250250756,62e2dbc4-cadb-4713-9852-4e5ae44af089,1229858049910128642,4435fbfb-60d0-480f-a717-8d155e191aba,2024-10-15 07:02:01.381,2024-10-15 08:07:52.693
2024-10-12 12:41:13.457,bitgetNEIRO,bitget,NEIROUSDT,274.98,bitget,filled,1,sell->buy,1,1.2,30.027816,0.1092,31.237728,0.1136,1.21,1228856222892703744,0cbf1769-55b1-4f12-ba23-ed3fce3b7f12,1228859999783763977,ceaf3a30-04f7-47f0-bbf0-bcea55d85da2,2024-10-12 12:56:09.217,2024-10-15 13:34:21.441
2024-10-14 01:51:50.645,bitgetGME,bitget,GMEUSDT,7001.17,bitget,filled,1,sell->buy,1,1.8,30.0350193,0.00429,31.8553235,0.00455,1.82,1229417573310545928,b577b7b9-77f0-4571-abda-f510699b200e,1229420589413580801,4e3daafb-5f94-4089-a09d-26020cc2bb6a,2024-10-14 02:03:10.829,2024-10-15 19:10:48.961
2024-10-15 09:47:43.149,bitgetMANEKI,bitget,MANEKIUSDT,4792.33,bitget,filled,1,sell->buy,1,1.8,30.0479091,0.00627,31.8689945,0.00665,1.82,1229899723541594114,87f1ce62-4e94-437e-897f-81a79bd0b3ec,1229902981014241287,1564bac2-529f-49b8-a825-abbf34d65359,2024-10-15 10:00:03.384,2024-10-15 19:22:11.696
2024-10-12 08:49:37.835,bitgetAPU,bitget,APUUSDT,39494.47,bitget,filled,1,sell->buy,1,1.2,30.161926739,0.0007637,31.362558627,0.0007941,1.2,1228797939259555854,641bce4f-201e-47da-958a-6c78a1257ccf,1228801966210826240,ea94c382-41d4-49db-8be3-f55a957c54f6,2024-10-12 09:05:25.596,2024-10-15 19:55:36.329
2024-10-15 19:52:41.003,bitgetAPU,bitget,APUUSDT,125778.25,bitget,filled,1,buy->sell,1,4.6,95.176401775,0.0007567,99.779885725,0.0007933,4.6,1230051966488166412,b07bdcd5-6fe7-45ef-b5aa-94dd2952bcf4,1230052979727155201,10ef11b6-52fe-4ae9-a30e-6c2f88431810,2024-10-15 19:55:36.329,2024-10-15 20:47:00.538
2024-10-12 09:18:13.640,bitgetNEIRO,bitget,NEIROUSDT,294.84,bitget,filled,1,sell->buy,1,1.2,30.044196,0.1019,31.25304,0.106,1.21,1228805136072851481,27d113fe-69d0-4276-840c-be797ba11d73,1228805888799424519,bedd8d58-bdc2-484a-9597-39460eee9ccc,2024-10-12 09:20:46.377,2024-10-15 23:01:39.574
2024-10-15 11:17:41.571,bitgetAPU,bitget,APUUSDT,120911.67,bitget,filled,1,buy->sell,1,4.6,95.072846121,0.0007863,99.667489581,0.0008243,4.59,1229922363463450651,bc485f19-d594-49ac-a8a6-f4c81cecef48,1230052215441080338,530ee724-398f-48bf-8627-297c8280ee07,2024-10-15 19:53:27.482,2024-10-15 21:42:07.772
2024-10-15 21:37:46.393,bitgetAPU,bitget,APUUSDT,125023.44,bitget,filled,0,sell->buy,1,4.6,100.493841072,0.0008038,105.094703664,0.0008406,4.6,1230078414246658052,a6021c77-3e65-4cd1-9354-58906e6256d9,1230079895263789092,a1c7a2b3-e4d8-4613-a1e5-d49cc1c841af,2024-10-15 21:43:20.302,2024-10-15 22:33:41.813
2024-10-15 21:54:11.339,bitgetTURBO,bitget,TURBOUSDT,8061.0,bitget,filled,0,sell->buy,1,4.6,100.03289889,0.01240949,104.63290854,0.01298014,4.6,1230082546638536717,66f03a82-2350-4d51-94a8-b566a91823db,1230084283483045948,3596d742-97ca-4f1c-90ef-77d6a6deef5e,2024-10-15 22:00:37.450,2024-10-15 22:37:10.335
2024-10-15 21:58:17.449,bitgetNEIRO,bitget,NEIROUSDT,280.37,bitget,filled,0,sell->buy,1,1.8,29.971553,0.1069,31.765921,0.1133,1.79,1230083576877379651,e6018107-2ebd-4a7c-8222-9d1e7eae8b90,1230087365738643483,7a586f06-ad07-430b-9f8d-ac7224a9f831,2024-10-15 22:12:43.255,2024-10-15 22:13:22.670
2024-10-15 22:30:06.328,bitgetTURBO,bitget,TURBOUSDT,7684.0,bitget,filled,0,buy->sell,1,4.6,95.33946052,0.01240753,,,,1230091584382189600,95fa465e-ae50-4134-894c-7a8a7dbbbad9,1230093588433223712,d3f04ba0-7598-404a-8c00-c548c0b977fe,2024-10-15 22:37:10.336,
2024-10-15 19:42:41.594,bitgetMANEKI,bitget,MANEKIUSDT,4761.9,bitget,filled,1,sell->buy,1,1.8,30.047589,0.00631,31.857111,0.00669,1.81,1230049453177323567,d80b8b7f-8593-4710-8b5e-1c679d4c485d,1230052213247459330,93594de3-7201-4256-a405-63254b0a86c9,2024-10-15 19:52:54.804,2024-10-15 23:07:00.345
2024-10-15 22:58:42.645,bitgetMANEKI,bitget,MANEKIUSDT,4405.29,bitget,filled,1,buy->sell,1,1.8,28.0616973,0.00637,29.8678662,0.00678,1.81,1230098782835458061,af5bcd55-81d0-48b0-b96f-60053291a4fe,1230101040679632904,97836bad-ea30-4e5f-8d93-6dd19b597d17,2024-10-15 23:07:00.220,2024-10-15 23:33:38.064
2024-10-15 23:11:04.516,bitgetTURBO,bitget,TURBOUSDT,8062.0,bitget,filled,1,sell->buy,1,4.6,100.03466654,0.01240817,104.6346825,0.01297875,4.6,1230101893427773454,e621697e-fc8d-4445-bdc2-8db969929868,1230103680608124972,383f113c-1bde-4f3d-b677-dc4a903b895e,2024-10-15 23:16:50.264,2024-10-15 23:46:38.313
2024-10-15 22:30:46.060,bitgetAPU,bitget,APUUSDT,123388.24,bitget,filled,1,buy->sell,1,4.6,94.811523616,0.0007684,99.413904968,0.0008057,4.6,1230091751395180578,3d94b1bd-c1df-484a-b82d-42f03abcce53,1230095018904797214,1ad7af28-4f37-4ed2-8bfd-a638a8676878,2024-10-15 22:43:24.159,2024-10-16 00:15:20.183
2024-10-16 09:01:41.681,bitgetAPU,bitget,APUUSDT,122182.17,bitget,filled,1,buy->sell,1,4.6,95.106601128,0.0007784,99.70065072,0.000816,4.59,1230250532779343882,600e9d16-c96d-4efa-a6cd-da52b53ade34,1230251543380115458,91350a4e-fe38-4867-9e8e-fe8db802ecb0,2024-10-16 09:05:29.866,2024-10-16 09:59:58.273
2024-10-15 21:39:08.656,bitgetTURBO,bitget,TURBOUSDT,8463.0,bitget,filled,1,sell->buy,1,4.6,99.9954228,0.0118156,104.59540182,0.01235914,4.6,1230078759727284228,5e776af5-56a9-482e-abaa-ff7851e0188e,1230082538442866697,91a7b810-e4c8-46c4-9662-a638df67e2d6,2024-10-15 21:53:30.712,2024-10-16 12:22:59.383
2024-10-15 21:49:04.647,bitgetTURBO,bitget,TURBOUSDT,16985.0,bitget,filled,1,sell->buy,2,18.4,200.06682455,0.01177903,218.4668449,0.01286234,18.4,1230081258320654336,9bde2b6c-5292-4b46-8715-8878df3a7f67,1230084275887161376,4a281352-1290-42dc-906d-51d228c99811,2024-10-15 22:00:19.406,2024-10-16 12:23:59.138
2024-10-16 13:37:25.124,bitgetNEIRO,bitget,NEIROUSDT,288.18,bitget,filled,1,sell->buy,1,1.8,30.028356,0.1042,31.815072,0.1104,1.79,1230319922707185665,b110eb12-caca-467c-b229-d8dc9cb72a8f,1230322902412050445,99bc7b36-15c8-4f4f-9a1f-669fb209fbbe,2024-10-16 13:49:10.913,2024-10-16 13:53:12.993
2024-10-16 13:38:17.602,bitgetNEIRO,bitget,NEIROUSDT,286.4,bitget,filled,0,buy->sell,1,1.8,28.18176,0.0984,29.98608,0.1047,1.8,1230320142014758912,0a1c5529-ab0c-4b48-8f13-34ff8b49dacf,1230323920856170498,57159b55-9112-4cd3-ae69-e84c66d5c222,2024-10-16 13:53:12.993,2024-10-16 13:53:21.903
2024-10-15 20:34:04.883,bitgetTURBO,bitget,TURBOUSDT,9092.0,bitget,filled,1,sell->buy,1,4.6,99.99936212,0.01099861,104.5993686,0.01150455,4.6,1230062386984796172,82ae1498-1062-4c13-80b6-404a3f8c90e0,1230065920484589568,5f8006df-9258-47e0-bbd6-1ddb52ea3531,2024-10-15 20:47:48.128,2024-10-16 15:00:22.374
2024-10-16 20:39:39.081,bitgetAPU,bitget,APUUSDT,118217.28,bitget,filled,1,sell->buy,1,4.6,100.236431712,0.0008479,104.835083904,0.0008868,4.6,1230426176158973956,ede9aef3-e34d-484a-9963-f38a686230d8,1230426696739209229,a920b6c0-8942-4221-bce3-e347a3c1828f,2024-10-16 20:40:54.767,2024-10-16 21:23:18.589
2024-10-16 21:54:40.160,bitgetMANEKI,bitget,MANEKIUSDT,4123.71,bitget,filled,1,sell->buy,1,1.8,30.0618459,0.00729,31.8762783,0.00773,1.81,1230445050254344197,39816b67-545b-4014-99fb-107cac18fa0a,1230448827006992402,cb379c8b-4295-4353-88ae-0c3e5b18ec69,2024-10-16 22:09:20.118,2024-10-16 22:46:15.760
2024-10-16 20:02:42.871,bitgetAPU,bitget,APUUSDT,125070.35,bitget,filled,1,sell->buy,1,4.6,100.40647698,0.0008028,105.00906586,0.0008396,4.6,1230416904343797772,44d32089-0897-4567-a93b-f8750bcdc4b4,1230417871248310276,3b106169-e201-44a0-96ad-f837438d31a4,2024-10-16 20:05:53.872,2024-10-17 00:07:42.604
2024-10-16 22:07:43.250,bitgetAPU,bitget,APUUSDT,122018.18,bitget,filled,1,sell->buy,1,4.6,100.506374866,0.0008237,105.106460252,0.0008614,4.6,1230448341751185409,94d0ee6d-ff7e-497c-b22b-0cb42f45c6a9,1230452105140781081,812d1c80-61e3-4add-95b8-55f3678ec7a4,2024-10-16 22:20:27.010,2024-10-17 00:07:42.604
2024-10-16 23:51:43.738,bitgetAPU,bitget,APUUSDT,118448.33,bitget,filled,0,sell->buy,1,4.6,100.254666512,0.0008464,104.850461716,0.0008852,4.6,1230474533782962177,c4ea469b-7f16-4c85-8e4b-1b844d26416e,1230477516813910058,537d74f5-4629-4ae9-a060-bd95e1fb4e12,2024-10-17 00:02:48.509,2024-10-17 00:06:16.398
2024-10-17 00:01:44.373,bitgetAPU,bitget,APUUSDT,238464.29,bitget,filled,0,sell->buy,2,18.4,200.572314319,0.0008411,218.981757507,0.0009183,18.41,1230477029972656130,60acbe88-d87e-43ef-847a-d082c417271a,1230477769793355801,b379aa64-e7a6-4246-956d-281928437f60,2024-10-17 00:03:57.285,2024-10-17 00:06:16.398
2024-10-17 00:03:42.169,bitgetAPU,bitget,APUUSDT,116679.31,bitget,filled,0,sell->buy,1,4.6,100.437550048,0.0008608,105.034714862,0.0009002,4.6,1230477524036501525,7026793e-8e68-480a-9d58-e3713ec73e08,1230477775669575684,d6195e5c-2612-4dcd-a831-b5727003fcc6,2024-10-17 00:03:57.285,2024-10-17 00:04:43.742
2024-10-17 00:04:44.355,bitgetAPU,bitget,APUUSDT,116692.92,bitget,filled,0,sell->buy,1,4.6,100.659312792,0.0008626,105.25701384,0.000902,4.6,1230477783252877343,eda14963-38e5-4059-80a3-c19e68aefdff,1230478024257585181,35102c42-be6c-4675-beea-5a567f84f25b,2024-10-17 00:05:14.203,2024-10-17 00:06:04.140
2024-10-17 00:04:44.762,bitgetAPU,bitget,APUUSDT,233385.85,bitget,filled,0,sell->buy,2,18.4,201.341972795,0.0008627,219.732777775,0.0009415,18.39,1230477786935476234,025eb43b-ebf3-41aa-acae-8ba508462980,1230478029869563922,adc4fb92-2a58-4d9a-b0f2-8ac40ffc4c01,2024-10-17 00:05:19.104,2024-10-17 00:06:01.067
2024-10-16 23:52:41.593,bitgetAPU,bitget,APUUSDT,118736.64,bitget,filled,0,buy->sell,1,4.6,95.024932992,0.0008003,99.762524928,0.0008402,4.74,1230474757200953385,0d479754-1bb8-4b52-b339-30bcf456cd88,1230478796210847750,eb5e8ed2-03fc-42a8-b611-679cc8644477,2024-10-17 00:07:42.604,2024-10-17 00:08:46.973
2024-10-15 00:23:03.001,bitgetTURBO,bitget,TURBOUSDT,9654.0,bitget,filled,1,sell->buy,1,4.6,100.02354936,0.01036084,104.62358382,0.01083733,4.6,1229757613521780737,b151756d-0df9-482a-92ef-ca75d70541c6,1229760633865256961,ded95d48-3588-4e11-a666-1bc7445e6b04,2024-10-15 00:34:28.222,2024-10-17 00:27:23.447
2024-10-17 07:43:42.648,bitgetMANEKI,bitget,MANEKIUSDT,4163.78,bitget,filled,1,sell->buy,1,1.8,30.0624916,0.00722,31.852917,0.00765,1.79,1230593291834900491,8affa168-ce17-4685-822e-9ca43a7f5550,1230597310322065408,42f2c60a-0e33-431a-95d7-3bcafdc5ff7c,2024-10-17 07:58:22.308,2024-10-17 08:24:56.384
2024-10-17 11:07:39.903,bitgetMANEKI,bitget,MANEKIUSDT,4237.29,bitget,filled,1,buy->sell,1,1.8,28.1356056,0.00664,29.9152674,0.00706,1.78,1230644618011099142,d1f73b74-1dea-46c2-89b6-d18e23f835dd,1230647150196310022,c87202ee-4f0c-4fca-a186-f1e3742d9e21,2024-10-17 11:16:12.752,2024-10-17 11:58:11.584
2024-10-17 11:44:45.823,bitgetMANEKI,bitget,MANEKIUSDT,4467.61,bitget,filled,1,sell->buy,1,1.8,30.1116914,0.00674,31.8987354,0.00714,1.79,1230653954804432904,c809704a-b2dd-46f9-a7e9-bb62d12989f6,1230657707012014090,08227c16-4bbf-4a63-95d0-e27b8fe13c73,2024-10-17 11:58:41.736,2024-10-17 19:56:23.330
2024-10-17 10:36:45.511,bitgetMANEKI,bitget,MANEKIUSDT,4026.85,bitget,filled,1,buy->sell,1,1.8,28.1476815,0.00699,29.959764,0.00744,1.81,1230636839280066579,6a66900c-b3be-48ce-96c3-f3a7e2117db3,1230640339560972291,f471c5c3-7567-4b6f-8c2f-f8073119d577,2024-10-17 10:49:53.194,2024-10-17 21:13:19.085
2024-10-17 21:30:34.953,bitgetMEW,bitget,MEWUSDT,3535.23,bitget,filled,1,sell->buy,1,1.8,30.01763793,0.008491,31.81707,0.009,1.8,1230801377963032610,f1809ed5-ce17-48f6-9384-86e794f6051a,1230805365928247302,cc365f46-12f2-4fbb-a777-0de8c74c9859,2024-10-17 21:46:10.775,2024-10-18 01:02:47.294
2024-10-14 23:46:04.247,bitgetTURBO,bitget,TURBOUSDT,10034.0,bitget,filled,1,sell->buy,1,4.6,100.03586946,0.00996969,104.63585642,0.01042813,4.6,1229748307002933279,63eb834f-fce8-4aae-b067-ef1207e86edb,1229751070906662923,fd593333-7fe5-4762-83e5-08051e05c98b,2024-10-14 23:56:35.328,2024-10-18 02:03:21.938
2024-10-13 08:36:08.701,bitgetSLERF,bitget,SLERFUSDT,167.27,bitget,filled,1,sell->buy,1,1.2,30.008238,0.1794,31.212582,0.1866,1.2,1229156934667223044,ca8ca8d4-0122-4f5a-9a09-30bb4f18f2ed,1229158690985885698,8009ee5f-c569-4882-8016-d01df2a01b27,2024-10-13 08:42:20.734,2024-10-18 02:10:38.730
2024-10-18 02:04:45.655,bitgetAPU,bitget,APUUSDT,122271.81,bitget,filled,1,buy->sell,1,4.6,95.090786637,0.0007777,99.688206693,0.0008153,4.6,1230870378319724568,96584678-673f-4c93-a60b-e5088a63f87b,1230872364838567944,d0f57282-71a0-4071-b5aa-4485ef21f5a2,2024-10-18 02:11:58.799,2024-10-18 03:22:24.206
2024-10-18 06:07:19.253,bitgetNEIRO,bitget,NEIROUSDT,361.45,bitget,filled,0,sell->buy,1,1.8,30.036495,0.0831,31.843745,0.0881,1.81,1230931419745501197,10dfb18f-0770-4421-a791-360191248a0d,1230933923732406280,84efb106-c1ba-4d60-958e-4e043ab802d0,2024-10-18 06:16:43.931,2024-10-18 06:17:28.290
2024-10-18 18:02:25.260,bitgetNEIRO,bitget,NEIROUSDT,314.63,bitget,filled,1,sell->buy,1,1.8,30.078628,0.0956,31.872019,0.1013,1.79,1231111377704992778,75196f13-3aea-491f-b826-0c2071e3fc9b,1231112368844193804,689868c7-e06d-4931-9b68-98173eb0719b,2024-10-18 18:06:02.127,2024-10-18 18:11:23.354
2024-10-18 18:07:16.870,bitgetNEIRO,bitget,NEIROUSDT,293.11,bitget,filled,1,buy->sell,1,1.8,28.197182,0.0962,29.985153,0.1023,1.79,1231112600961171469,6561c8c6-a406-4984-8b82-948f1d14bd2e,1231113863153074196,ac66979e-66b6-40db-9dd8-17527ee06bfc,2024-10-18 18:11:23.354,2024-10-18 20:00:54.606
2024-10-18 18:12:19.249,bitgetNEIRO,bitget,NEIROUSDT,293.97,bitget,filled,1,buy->sell,1,1.8,28.191723,0.0959,29.98494,0.102,1.79,1231113868026855432,b8dd58a3-64de-43a3-a5cb-cd1b5cacb980,1231116882217287681,1dd2872d-f54d-405e-ba0f-331053929566,2024-10-18 18:23:51.092,2024-10-18 20:00:54.606
2024-10-18 15:44:43.425,bitgetAPU,bitget,APUUSDT,94677.05,bitget,filled,1,sell->buy,1,5.4,90.1325516,0.000952,95.52914345,0.001009,5.4,1231076724344373253,7ef344b8-70a2-4457-91a6-9b058f4607a4,1231080487423590406,1f08adba-f597-4b22-a776-3ea7ba47fc22,2024-10-18 15:58:38.134,2024-10-18 20:54:41.936
2024-10-18 15:44:46.169,bitgetAPU,bitget,APUUSDT,189354.09,bitget,filled,1,sell->buy,2,21.6,180.26509368,0.000952,201.870395349,0.0010661,21.61,1231076734062575625,87ef8355-cdfb-4053-8554-aa864ca06bca,1231080495283716096,9622c6ba-4ae9-4523-9001-9ee16dbb8f82,2024-10-18 15:58:46.734,2024-10-18 20:54:59.083
2024-10-18 17:47:16.596,bitgetNEIRO,bitget,NEIROUSDT,663.72,bitget,filled,1,sell->buy,2,7.2,60.000288,0.0904,67.168464,0.1012,7.17,1231107565204291588,3b964196-f84e-4a84-a0f5-a45cc6678fae,1231111358318919705,30f8ec35-4d67-4e17-a324-f5219b477b79,2024-10-18 18:01:45.474,2024-10-18 21:10:46.645
2024-10-18 17:50:18.319,bitgetNEIRO,bitget,NEIROUSDT,331.86,bitget,filled,1,sell->buy,1,1.8,30.03333,0.0905,31.825374,0.0959,1.79,1231108328303378435,f6e1db8c-a3d7-4fff-8d7c-166b57b687ab,1231111363998007316,e68f78d1-56a3-4443-afb0-a13f144f6c3f,2024-10-18 18:01:45.474,2024-10-18 21:10:46.342
2024-10-19 02:20:47.158,bitgetAPU,bitget,APUUSDT,85980.42,bitget,filled,1,sell->buy,1,10.8,90.270842958,0.0010499,101.06998371,0.0011755,10.8,1231236797775495200,d6a787c9-dc9d-4210-bc91-1db09138919b,1231326105245073414,7be064d4-f2bf-4852-8c5a-c66756250abd,2024-10-19 05:44:29.912,2024-10-19 12:33:58.678
2024-10-13 18:12:27.128,bitgetBRETT,bitget,BRETTUSDT,312.16,bitget,filled,1,sell->buy,1,1.2,30.0329136,0.09621,31.231608,0.10005,1.2,1229301960974024732,5b174812-8c6d-4efc-9b56-4f0136ea3b4d,1229305982128766991,ab6b6e84-0338-4a5e-bfb6-3758b6d4817a,2024-10-13 18:28:14.706,2024-10-24 00:55:19.989
2024-10-14 22:46:05.070,bitgetTURBO,bitget,TURBOUSDT,10972.0,bitget,filled,1,sell->buy,1,4.6,100.0075856,0.0091148,104.6075966,0.00953405,4.6,1229733209551159324,1f23d973-fe67-4e69-b0ea-f9e4993d3d16,1229735973245173772,2716e932-249c-49f5-967a-a3e61044b2f0,2024-10-14 22:56:33.875,2024-10-24 02:03:23.631
2024-10-24 07:26:39.652,bitgetMANEKI,bitget,MANEKIUSDT,8683.07,bitget,filled,1,buy->sell,1,7.2,52.6194042,0.00606,59.8263523,0.00689,7.21,1233125710286831616,52c34e55-19ee-40c1-aa64-2ae1970d3421,1233129994164387857,b409e888-f5fa-45e6-b89a-e02e2d2b5501,2024-10-24 07:42:53.083,2024-10-24 07:53:21.996
2024-10-22 12:32:14.739,bitgetKOKO,bitget,KOKOUSDT,5186273.7,bitget,filled,1,sell->buy,1,7.2,30.3033972291,5.843e-06,37.5019451247,7.231e-06,7.2,1232477842597232646,8e40a318-c82c-495e-9705-ab32a3178d7d,1232491911089766401,43cf96a1-b970-4c37-9201-4006a0067415,2024-10-22 13:27:57.043,2024-10-25 09:48:14.402
2024-10-18 06:02:43.612,bitgetAPU,bitget,APUUSDT,116924.88,bitget,filled,1,sell->buy,1,4.6,100.228007136,0.0008572,104.82315492,0.0008965,4.6,1230930264705482759,a19e6852-23a1-4a1a-a6e3-24d87d945a70,1230934277362565130,5d17db55-6d96-4b84-9f52-83f631089a17,2024-10-18 06:17:45.543,2024-10-25 12:38:02.512
2024-10-17 00:01:45.152,bitgetAPU,bitget,APUUSDT,357696.43,bitget,filled,1,sell->buy,3,41.4,300.858467273,0.0008411,342.243944224,0.0009568,41.39,1230477032111751221,4d599753-c276-4e6b-8ba5-c6942358ea5c,1230989141434187777,870968fc-fd92-4ae0-8307-be307065f796,2024-10-18 09:56:24.755,2024-10-25 15:23:50.678
2024-10-25 22:43:54.125,bitgetGME,bitget,GMEUSDT,8064.52,bitget,filled,1,sell->buy,1,3.2,30.0806596,0.00373,33.3064676,0.00413,3.23,1233718929705943040,ed2f5537-e006-4c02-a9d2-b2965ab01e72,1233725997515030532,c407cd36-7e66-470d-9531-a648bb38d703,2024-10-25 23:11:06.175,2024-10-26 01:30:37.416
2024-10-26 07:03:33.441,bitgetBABYDOGE,bitget,BABYDOGEUSDT,11609907121.0,bitget,filled,1,buy->sell,1,3.2,26.784055728147,2.307e-09,29.988390093543,2.583e-09,3.2,1233844675061497876,8c873fe0-0147-40cd-a08f-48bd1770f905,1233850210330624039,008415b7-cf4e-44fc-b79b-ba8e73b647ed,2024-10-26 07:24:47.741,2024-10-26 10:09:58.756
2024-10-26 10:04:32.074,bitgetBABYDOGE,bitget,BABYDOGEUSDT,12533946104.0,bitget,filled,0,sell->buy,1,3.2,29.993733026872,2.393e-09,33.202423229496,2.649e-09,3.21,1233890224921919496,de7c490e-c77b-4a10-8a26-e37d04fb06df,1233891739942273041,fdb74ddc-2aec-4807-bd99-5bc41dc3654d,2024-10-26 10:09:59.017,2024-10-26 10:10:36.165
2024-10-26 06:59:14.480,bitgetNEIRO,bitget,NEIROUSDT,880.41,bitget,filled,1,buy->sell,1,6.4,53.528928,0.0608,59.955921,0.0681,6.43,1233843588690624513,5560fdf8-febd-4f9f-8f0e-a4432fc0827a,1233849880125653057,3d931f41-7284-4f92-98df-e09dbba6b650,2024-10-26 07:23:40.927,2024-10-26 15:11:46.541
2024-10-12 05:11:39.168,bitgetAPU,bitget,APUUSDT,41169.21,bitget,filled,1,sell->buy,1,1.2,30.065874063,0.0007303,31.263898074,0.0007594,1.2,1228743082062397442,07476df0-3b5e-44e9-a5ee-de10f35ce377,1228746599078576128,4d3904d4-27ce-49be-afef-e9faff2cb65e,2024-10-12 05:25:07.942,2024-10-26 22:42:49.250
2024-10-26 10:36:40.026,bitgetMANEKI,bitget,MANEKIUSDT,8368.2,bitget,filled,1,sell->buy,1,6.4,60.083676,0.00718,66.443508,0.00794,6.36,1233898300626452483,0a326daf-ff55-4e99-be02-304839f9d246,1233902836376158209,2c9bd969-09ee-4fe7-98b6-1c5189041c88,2024-10-26 10:53:48.900,2024-10-27 12:42:17.032
2024-10-28 02:15:11.578,bitgetKOKO,bitget,KOKOUSDT,5814516.9,bitget,filled,0,sell->buy,1,6.4,30.1017539913,5.177e-06,36.5035370982,6.278e-06,6.4,1234496911726886927,773628a7-e9fa-4f95-8250-253f3b0f78c2,1234508730159874056,00287b95-d755-420d-a0a7-d0eff631bd5c,2024-10-28 03:01:59.741,2024-10-28 03:13:17.764
2024-10-28 10:34:43.543,bitgetBABYDOGE,bitget,BABYDOGEUSDT,11496455260.0,bitget,filled,0,sell->buy,1,3.2,29.81030848918,2.593e-09,33.19026633562,2.887e-09,3.38,1234622592980893699,87c4d802-f14c-40d6-93b2-a29ccd10193f,1234628087057760259,50d5292e-c4a3-4a9a-8417-2e1f15786b11,2024-10-28 10:56:02.703,2024-10-28 10:56:34.992
2024-10-27 21:01:53.627,bitgetAPU,bitget,APUUSDT,109642.44,bitget,filled,1,sell->buy,1,9.6,90.224763876,0.0008229,99.82944162,0.0009105,9.6,1234418032601481218,85fc8cc5-7641-4903-a7f6-4bc198bc53af,1234420740158930950,95ea0d7e-4171-4a97-9bf8-1c2e869981b1,2024-10-27 21:11:58.558,2024-10-28 14:11:03.540
2024-10-26 06:34:26.688,bitgetBRETT,bitget,BRETTUSDT,313.41,bitget,filled,1,buy->sell,1,3.2,26.7934209,0.08549,29.993337,0.0957,3.2,1233837348031840263,f62648e5-f945-4895-b5b0-b1d7bebc481e,1233849934425112605,fe5882bd-3f12-4c33-8368-2d71999636fe,2024-10-26 07:23:53.980,2024-10-28 17:55:49.934
2024-10-12 20:03:08.554,bitgetSLERF,bitget,SLERFUSDT,180.07,bitget,filled,1,sell->buy,1,1.2,30.125711,0.1673,31.33218,0.174,1.21,1228967431474266116,ecde801b-41b9-44dc-aa4f-e0f76776a8d8,1228968434072305694,19fbac85-f85c-49ec-933e-78d89552d86c,2024-10-12 20:06:19.300,2024-10-29 01:08:07.969
2024-10-29 03:19:16.606,bitgetNEIRO,bitget,NEIROUSDT,684.54,bitget,filled,0,sell->buy,1,6.4,60.034158,0.0877,66.40038,0.097,6.37,1234875394311340060,003c7901-811c-4eca-99ad-15f981cc9cd5,1234882436388372492,ba88aeee-441f-471e-8381-0c5c1962786d,2024-10-29 03:46:30.066,2024-10-29 05:00:27.266
2024-10-26 06:38:02.698,bitgetRATS,bitget,RATSUSDT,264853.9,bitget,filled,1,buy->sell,1,3.2,26.795269063,0.00010117,29.994704175,0.00011325,3.2,1233838254836170763,da0ffd40-e244-4c85-8633-7cb9f6e5d870,1233849580434243643,c71ef04d-4f54-4014-91cb-170168717aaf,2024-10-26 07:22:13.041,2024-10-29 10:20:13.471
2024-10-26 06:30:56.610,bitgetSATS,bitget,SATSUSDT,117099446.7,bitget,filled,1,buy->sell,1,3.2,26.7813460569702,2.28706e-07,29.9813226369411,2.56033e-07,3.2,1233836470784770055,dc168439-24bf-4399-97e2-62f21eb51c8b,1233849558825189398,6492d145-415f-4b4b-9f99-817bb351157b,2024-10-26 07:22:24.387,2024-10-29 10:30:50.221
2024-10-29 12:04:14.368,bitgetNEIRO,bitget,NEIROUSDT,655.74,bitget,filled,1,sell->buy,1,6.4,60.065784,0.0916,66.492036,0.1014,6.43,1235007508423917576,66773094-665c-4618-adca-22cb7bb12eda,1235019846971572224,ca00322f-18a7-430d-8d2e-963bccc1964b,2024-10-29 12:52:41.094,2024-10-29 18:00:55.275
2024-10-28 06:25:38.959,bitgetMANEKI,bitget,MANEKIUSDT,8595.99,bitget,filled,1,sell->buy,1,6.4,60.0859701,0.00699,66.4470027,0.00773,6.36,1234559908834983944,065d972d-c52e-4707-96e6-59ae58522581,1234570986046373897,690e7ef6-81f7-4103-ad6c-80ee7095f120,2024-10-28 07:09:10.286,2024-10-30 19:07:31.976
2024-10-12 19:54:09.083,bitgetSLERF,bitget,SLERFUSDT,189.1,bitget,filled,1,sell->buy,1,1.2,30.04799,0.1589,31.23932,0.1652,1.19,1228965168705978392,115e53e3-6344-487a-971e-2e7a5d9c96c1,1228967429268062211,92f01bc5-732d-4abb-be6b-afe5bff46c4b,2024-10-12 20:02:37.020,2024-10-31 22:40:18.684
2024-10-12 19:54:09.583,bitgetSLERF,bitget,SLERFUSDT,378.19,bitget,filled,1,sell->buy,2,9.6,60.094391,0.1589,69.700417,0.1843,9.61,1228965170639552540,7bc97310-89f8-4aee-b69e-470713f857af,1228969191739768855,10ab4e2e-c03a-4822-9443-1f371bee193c,2024-10-12 20:10:01.845,2024-10-31 22:40:18.684
2024-10-28 14:45:11.282,bitgetTURBO,bitget,TURBOUSDT,10446.0,bitget,filled,1,sell->buy,1,9.6,90.02561274,0.00861819,99.6255912,0.0095372,9.6,1234685626755596291,a9af3858-14c3-4de6-aa2e-dc270c8c1cc5,1234699441098473474,6897c166-7aa1-410e-89bf-68ced8bd8b91,2024-10-28 15:39:35.772,2024-11-01 02:02:58.357
2024-10-21 14:01:23.922,bitgetMEW,bitget,MEWUSDT,6943.24,bitget,filled,1,sell->buy,1,7.2,60.01042332,0.008643,67.2105632,0.00968,7.2,1232137898431365129,2bc5fefe-6a49-4253-a260-bc644669d5f7,1232143930465468419,0b40b42c-6111-487e-9abb-b801feee0a5d,2024-10-21 14:25:03.661,2024-11-01 14:12:52.634
2024-10-13 01:41:01.664,bitgetTURBO,bitget,TURBOUSDT,3795.0,bitget,filled,1,sell->buy,1,1.2,30.00748245,0.00790711,31.2074994,0.00822332,1.2,1229052464683827200,20a2b5cd-571e-4630-8b27-c970be813ea3,1229053474609315843,7c33fb38-0a4a-4029-a8fb-7c9078ed86ee,2024-10-13 01:45:01.585,2024-11-02 23:11:40.074
2024-10-27 00:59:53.227,bitgetGME,bitget,GMEUSDT,8875.74,bitget,filled,1,sell->buy,1,3.2,30.0887586,0.00339,33.284025,0.00375,3.2,1234115536616177678,262b4787-7adb-427a-ae47-472613c6de6d,1234126855289454593,439108ed-ce6e-4ace-8abd-144a6dc5ada3,2024-10-27 01:44:07.298,2024-11-05 05:55:08.308
2024-11-06 11:07:32.194,bitgetKOKO,bitget,KOKOUSDT,8299903.2,bitget,filled,1,sell->buy,1,6.4,30.211647648,3.64e-06,36.6108730152,4.411e-06,6.4,1237892337670832159,8855c4e0-6bf4-4e4b-934a-7dfb6338af8d,1237902152006647848,e5c74c2a-faf7-409e-bef2-e036ce7ed96b,2024-11-06 11:46:25.773,2024-11-06 13:12:33.126
2024-10-28 05:23:40.490,bitgetMANEKI,bitget,MANEKIUSDT,9029.35,bitget,filled,1,buy->sell,1,6.4,53.453752,0.00592,59.8645905,0.00663,6.41,1234544312131010569,3bf27213-e99c-419e-866c-4705aecfe05e,1235846091321917440,b2bb533b-60e3-4cf7-a684-14e925789501,2024-10-31 19:36:01.800,2024-11-06 15:30:05.239
2024-10-26 07:00:45.287,bitgetMYRO,bitget,MYROUSDT,294.22,bitget,filled,1,buy->sell,1,3.2,26.7681356,0.09098,29.9692492,0.10186,3.2,1233843969487290391,b10ca641-bb44-489c-a70a-5197c4250bb3,1236603054972485633,32133021-c81e-4816-85bb-12ef064f043b,2024-11-02 21:42:42.636,2024-11-07 06:43:27.991
2024-11-02 09:11:18.538,bitgetNEIRO,bitget,NEIROUSDT,603.32,bitget,filled,1,buy->sell,1,6.4,53.574816,0.0888,59.970008,0.0994,6.4,1236413541960663040,ad6bae10-b568-4e7e-a7b7-de24a7109266,1236416043066081283,fe64fb89-365b-4fa3-a28b-6644a65a3ce3,2024-11-02 09:21:06.417,2024-11-07 07:12:56.911
2024-10-29 14:21:17.326,bitgetNEIRO,bitget,NEIROUSDT,559.44,bitget,filled,1,buy->sell,1,6.4,53.594352,0.0958,59.971968,0.1072,6.38,1235041998328315944,bf27a0ae-543a-481b-b8b6-4ab2be9bc23a,1235056593969364999,97ab5c2a-c617-42f0-8cfc-4076623398b6,2024-10-29 15:18:50.116,2024-11-07 07:56:27.873
2024-11-07 18:53:32.955,bitgetMANEKI,bitget,MANEKIUSDT,9244.99,bitget,filled,0,sell->buy,1,6.4,,,66.4714781,0.00719,,1238372004945215489,14b7b24c-1469-48c7-bd9a-5fef344c1c6a,1238569278543511577,2912caf1-24fc-45c7-b657-7a0c32cb041c,2024-11-07 23:00:23.779,
2024-11-07 18:53:34.190,bitgetMANEKI,bitget,MANEKIUSDT,18489.98,bitget,filled,0,sell->buy,2,25.6,,,145.8859422,0.00789,,1238372012008423432,eb843a3b-f5f7-4ccd-9572-f32658aeab6a,1238569281957675026,94e357fb-dfb8-4293-9529-0da83d15316e,2024-11-07 23:30:31.606,
2024-11-07 19:15:34.751,bitgetMANEKI,bitget,MANEKIUSDT,27586.21,bitget,filled,0,sell->buy,3,57.6,,,238.3448544,0.00864,,1238377551111143454,e59156fc-e066-474c-bfcd-a7af3537bf17,1238569290962845700,7e54607e-8e2b-491c-980c-c0f0a024b741,2024-11-07 23:37:19.440,
2024-11-07 18:33:15.619,bitgetNEIRO,bitget,NEIROUSDT,559.7,bitget,filled,1,sell->buy,1,6.4,60.05581,0.1073,66.43639,0.1187,6.38,1238366899130875925,25404340-62b9-4ec6-b19c-eea64cbd33a4,1238569477852643333,bf017877-d232-4a59-9d44-cdaee7c97636,2024-11-08 00:57:04.620,2024-11-08 08:05:22.696
2024-11-08 07:57:47.998,bitgetAPU,bitget,APUUSDT,77332.88,bitget,filled,1,sell->buy,1,9.6,90.185604656,0.0011662,99.782615064,0.0012903,9.6,1238569365952806927,91e4f734-7843-40f5-8dd3-7dac20b8c980,1238575883024613376,33f2f096-cd63-4679-ac1a-b1158a844f66,2024-11-08 08:23:29.979,2024-11-08 08:27:16.837
2024-11-09 17:56:41.034,bitgetAPU,bitget,APUUSDT,84309.13,bitget,filled,1,sell->buy,1,9.6,90.303509143,0.0010711,99.90631905,0.001185,9.6,1239082463130304525,661f789a-5b4f-4450-8692-112e18137981,1239087269144182799,34c12e51-5c5e-477c-8aca-b6a5c8ef0883,2024-11-09 18:14:42.306,2024-11-09 20:09:28.823
2024-11-10 05:26:16.611,bitgetNEIRO,bitget,NEIROUSDT,616.33,bitget,filled,1,buy->sell,1,6.4,53.559077,0.0869,59.968909,0.0973,6.41,1239256009261465600,2f44e6a8-212e-4b82-a52a-2899d9b16158,1239265566020878345,62436606-a778-4bc4-8df8-1681f240f32b,2024-11-10 06:03:41.399,2024-11-10 06:28:04.853
2024-11-07 19:02:45.056,bitgetAPU,bitget,APUUSDT,94211.24,bitget,filled,1,sell->buy,1,9.6,90.131893308,0.0009567,99.732018664,0.0010586,9.6,1238374320448487443,06b7df5d-8187-41fc-9479-22ae67792301,1238569337880330241,71560e26-4eea-4e37-9da5-bb78d587178a,2024-11-08 01:08:53.390,2024-11-10 09:12:54.276
2024-11-07 19:20:55.076,bitgetAPU,bitget,APUUSDT,188926.79,bitget,filled,1,sell->buy,2,38.4,180.42508445,0.000955,218.833900857,0.0011583,38.41,1238378892919324703,f8fa2540-3500-438b-af73-f8acd7e26d1b,1238569350232555521,8372afef-cf03-4dc8-9db5-758d50671825,2024-11-08 04:32:21.148,2024-11-10 09:12:54.276
2024-11-10 21:57:28.870,bitgetMEW,bitget,MEWUSDT,5837.14,bitget,filled,1,sell->buy,1,6.4,60.09919344,0.010296,66.49669888,0.011392,6.4,1239505463353106433,869996c0-aa93-473b-9774-c7798e94fea6,1239512994456625175,9ee7d335-93b1-40b6-824f-af49dd2a40e0,2024-11-10 22:26:36.295,2024-11-10 22:46:56.714
2024-11-11 07:45:23.745,bitgetMEW,bitget,MEWUSDT,5619.56,bitget,filled,1,sell->buy,1,6.4,59.99442256,0.010676,66.3951014,0.011815,6.4,1239653405674266633,2ab23524-4777-43e4-aa78-f262f835fb9c,1239664477823131655,9e3ed65d-5388-4008-bb86-fa383c74111e,2024-11-11 08:28:32.426,2024-11-11 13:28:00.014
2024-11-11 09:20:14.617,bitgetRATS,bitget,RATSUSDT,244399.2,bitget,filled,1,sell->buy,1,3.2,29.997557808,0.00012274,33.196743336,0.00013583,3.2,1239677275613519897,df637645-5de9-4acd-b1a3-4924d24e1dd3,1239691117215178795,2bb6a435-a122-4907-b04e-aa45d17760a5,2024-11-11 10:15:12.051,2024-11-11 13:51:34.857
2024-11-11 13:23:28.007,bitgetMANEKI,bitget,MANEKIUSDT,6342.49,bitget,filled,1,buy->sell,1,6.4,53.4037658,0.00842,59.8096807,0.00943,6.41,1239738489748152321,b732ffe1-484f-49a9-902b-57ba8dbcb2a4,1239749809209958411,2d899b2e-cb6e-442d-9dd1-e600d6c75cf0,2024-11-11 14:07:55.527,2024-11-12 05:31:38.226
2024-11-13 04:17:32.190,bitgetKOKO,bitget,KOKOUSDT,6706908.1,bitget,filled,1,sell->buy,1,6.4,30.18108645,4.5e-06,36.5794767774,5.454e-06,6.4,1240325881634840582,eda8cba6-ab08-4d75-a35f-bc54f5348064,1240326876733464588,b81244b0-4820-4207-8e56-e7085402712b,2024-11-13 04:20:57.451,2024-11-13 05:09:13.845
2024-11-13 07:58:09.903,bitgetSLERF,bitget,SLERFUSDT,158.86,bitget,filled,0,sell->buy,1,3.2,,,33.185854,0.2089,,1240381394531737600,73405e75-89f0-439b-afdc-053a1b1e652c,1240388931888963585,e4cc7fbc-5976-45db-a099-900d9cef2e4b,2024-11-13 08:27:53.773,
2024-11-13 08:28:14.457,bitgetSLERF,bitget,SLERFUSDT,143.54,bitget,filled,1,sell->buy,1,3.2,30.114692,0.2098,33.315634,0.2321,3.2,1240388965778939913,9f079edb-fd64-4d75-a689-f1e6856ea662,1240392951055605772,a02a9e77-154a-417a-86e5-6c1582d5e5fa,2024-11-13 08:43:21.572,2024-11-13 12:47:52.268
2024-11-13 14:10:24.379,bitgetMOTHER,bitget,MOTHERUSDT,513.26,bitget,filled,1,buy->sell,1,3.2,26.792172,0.0522,29.974384,0.0584,3.18,1240475074319966229,8813c26d-2f5b-4b05-b2d4-13b940bf88dc,1240480102644539392,34b32cc5-1d3c-4796-af24-56cd9b08c9e5,2024-11-13 14:29:56.542,2024-11-13 15:13:03.223
2024-11-13 22:31:57.987,bitgetAPU,bitget,APUUSDT,74168.69,bitget,filled,1,sell->buy,1,9.6,90.671223525,0.0012225,100.268652011,0.0013519,9.6,1240601302129532931,1c487d07-b29c-420d-8bd0-4ba7118cad14,1240604017647771650,443f1f23-859c-4b72-80b8-f961f61583cf,2024-11-13 22:41:58.684,2024-11-13 22:47:53.425
2024-11-13 00:47:32.591,bitgetKOKO,bitget,KOKOUSDT,9425070.7,bitget,filled,1,sell->buy,1,6.4,30.16022624,3.2e-06,36.5598492453,3.879e-06,6.4,1240273033643515905,6d935287-bbaa-42a4-88e8-983279f3f1fd,1240277556256661521,f559f474-19cb-4df1-bc36-ce3ae0b1f1f4,2024-11-13 01:05:13.601,2024-11-13 23:02:23.563
2024-11-13 22:07:45.953,bitgetAPU,bitget,APUUSDT,83518.93,bitget,filled,1,sell->buy,1,9.6,91.486635922,0.0010954,101.082960979,0.0012103,9.6,1240595208837619714,3362919b-b76d-4f81-8abc-1e0393c096ab,1240601239311441925,1cba6abc-e959-49c6-949d-ee13f6e8f30c,2024-11-13 22:31:30.925,2024-11-14 04:04:10.015
2024-11-13 22:08:54.622,bitgetAPU,bitget,APUUSDT,165069.47,bitget,filled,1,sell->buy,2,38.4,182.319229615,0.0011045,220.714388337,0.0013371,38.4,1240595497237962796,7480f1c1-2736-4a79-bc15-b85b1846369a,1240601506836733965,6447579b-2519-4f4c-8caf-19f5489e92c7,2024-11-13 22:32:35.768,2024-11-14 04:02:08.419
2024-11-13 21:35:27.275,bitgetMOTHER,bitget,MOTHERUSDT,487.41,bitget,filled,1,sell->buy,1,3.2,30.073197,0.0617,33.290103,0.0683,3.22,1240587077743108108,33b7a8c5-c0ad-4f46-8502-5ea09a7471af,1240590329893183548,d2b9effa-a133-44c5-bcc9-63f78b4e8f3c,2024-11-13 21:47:26.887,2024-11-14 05:05:46.075
2024-11-12 17:53:19.872,bitgetNEIRO,bitget,NEIROUSDT,624.02,bitget,filled,1,buy->sell,1,6.4,53.478514,0.0857,59.90592,0.096,6.43,1240168791150780446,6b1222f6-45ac-45f3-bb6c-5873f593f888,1240172296557125648,3afc43aa-0cf5-4fb1-b478-c3bc6c70db3e,2024-11-12 18:06:49.647,2024-11-14 10:25:47.018
2024-11-14 08:32:25.342,bitgetMOTHER,bitget,MOTHERUSDT,461.18,bitget,filled,0,sell->buy,1,6.0,30.022818,0.0651,36.018158,0.0781,6.0,1240752414182694926,b821a7a9-9674-4a96-aa1b-1cf6598f9532,1241184179502276613,c298ffbb-71ea-4ba6-add1-601439263272,2024-11-14 13:30:13.210,2024-11-15 13:08:53.108
2024-11-18 08:59:08.715,bitgetBAN,bitget,BANUSDT,143.81,bitget,filled,1,sell->buy,1,6.0,30.00969556,0.208676,36.00973638,0.250398,6.0,1242208681958924290,8efbf70b-8326-4be6-acd7-7b916dd1f8b5,1242215212494446608,f8d8825b-d577-4ac0-9934-024352840936,2024-11-18 09:24:10.417,2024-11-18 10:15:23.542
2024-11-18 17:15:09.690,bitgetBAN,bitget,BANUSDT,235.12,bitget,filled,1,sell->buy,2,24.0,60.03648128,0.255344,84.0365904,0.35742,24.0,1242333510359932933,dedb6e33-b4fb-440c-83a0-4b709737f9b2,1242337546639335433,a0022438-7c6b-4d25-98eb-b3d2a140a61f,2024-11-18 17:30:48.076,2024-11-19 16:52:33.202
2024-11-18 17:15:11.402,bitgetBAN,bitget,BANUSDT,352.68,bitget,filled,1,sell->buy,3,54.0,90.08117292,0.255419,144.08106576,0.408532,54.0,1242333517393780756,d6a916e1-096b-4b5f-9ae1-6c51a75160af,1242337552855293965,190c9127-bd1f-47dd-bae5-b349302c7992,2024-11-18 17:31:03.754,2024-11-19 16:52:33.202
2024-11-18 16:40:05.694,bitgetBAN,bitget,BANUSDT,124.85,bitget,filled,1,sell->buy,1,6.0,29.9944634,0.240244,35.9945047,0.288302,6.0,1242324685720477702,3ca37474-ca2d-4863-a4a6-a33b924d283f,1242337543078371328,9cf08ed8-eeba-4650-990b-20a32fc96818,2024-11-18 17:30:25.004,2024-11-19 17:02:54.937
2024-11-19 16:23:42.342,bitgetAPU,bitget,APUUSDT,75093.87,bitget,filled,1,sell->buy,1,9.0,90.33792561,0.001203,99.34919001,0.001323,9.01,1242682951960977411,1e03e9a3-8eb3-4d11-adc8-e1c80d857bdf,1242695534013145094,546c5807-80be-445b-a3ff-7c8b3a8dc9dc,2024-11-19 17:13:35.582,2024-11-19 17:45:35.344
2024-11-18 06:12:42.584,bitgetAPU,bitget,APUUSDT,76190.48,bitget,filled,1,sell->buy,1,9.0,90.125718792,0.0011829,99.12381448,0.001301,9.0,1242166794581532673,19707ab1-b32c-41d2-a9ba-80f7f7219226,1242169056963944448,a827eefb-4d4d-4979-a5dc-7fd4d812d6ef,2024-11-18 06:20:41.792,2024-11-19 21:05:37.893
2024-11-06 08:06:29.169,bitgetKOKO,bitget,KOKOUSDT,10729613.7,bitget,filled,1,sell->buy,1,6.4,30.3004290888,2.824e-06,36.695278854,3.42e-06,6.39,1237846774283780110,c2eb3608-2bdf-41fa-a8f9-b51cdf4ac211,1237861128811069460,90be08f1-d13d-4afd-9cb6-05a78d3a9fd7,2024-11-06 09:03:02.084,2024-11-19 23:46:00.403
2024-11-20 02:17:17.240,bitgetFARTCOIN,bitget,FARTCOINUSDT,214.17,bitget,filled,1,sell->buy,1,12.0,60.010434,0.2802,72.003954,0.3362,11.99,1242832335877005312,c2472403-f254-410d-baf2-021f81cb4932,1242844387462963214,ae3327ae-cde6-4214-ae9c-36959cfc16d0,2024-11-20 03:04:38.293,2024-11-20 05:14:42.442
2024-11-19 18:06:13.446,bitgetNEIRO,bitget,NEIROUSDT,670.39,bitget,filled,1,sell->buy,1,12.0,60.066944,0.0896,72.066925,0.1075,12.0,1242708750072111122,8d0b317f-9ce0-4b34-8926-963ed12013ed,1242716793539223552,eb2b8651-06b4-41ba-b250-7d137b30c506,2024-11-19 18:37:31.581,2024-11-20 10:12:39.200
2024-11-13 21:40:48.669,bitgetAPU,bitget,APUUSDT,94632.25,bitget,filled,1,sell->buy,1,9.6,90.307556175,0.0009543,99.903266325,0.0010557,9.6,1240588428292218890,97057a9b-91c3-4aad-b5fb-5efd61c71c7b,1240595200084107266,26f4b1b5-5e6f-4d06-b50a-9534115d97b5,2024-11-13 22:06:59.558,2024-11-20 21:21:13.586
2024-11-13 21:40:50.578,bitgetAPU,bitget,APUUSDT,189264.5,bitget,filled,1,sell->buy,2,38.4,180.61511235,0.0009543,219.0168794,0.0011572,38.4,1240588437846843403,d8ee01d7-0ec8-41c9-933e-d3f3ed43f0f2,1240595475419193358,ad0cf07f-fb9f-4a9c-a272-21acd5152b11,2024-11-13 22:07:55.475,2024-11-20 21:21:13.586
2024-11-21 08:53:11.739,bitgetBAN,bitget,BANUSDT,307.22,bitget,filled,1,sell->buy,1,12.0,60.000066,0.1953,72.012368,0.2344,12.01,1243294346826047492,f56dfe0a-b19b-40c9-9daa-826f09501779,1243300378289725444,3a8a0142-476d-49cf-9174-d75e6405e208,2024-11-21 09:16:25.893,2024-11-21 09:23:15.788
2024-11-21 17:30:29.884,bitgetSLERF,bitget,SLERFUSDT,160.79,bitget,filled,1,sell->buy,1,12.0,60.103302,0.3738,72.098236,0.4484,11.99,1243424533123260440,0cf4ebc6-d8e1-4355-af10-6d59944b1af6,1243424727340507155,349e37ef-dd4d-4416-8453-727a5689be47,2024-11-21 17:31:14,2024-11-21 23:39:46.604
2024-11-22 00:53:16.570,bitgetFARTCOIN,bitget,FARTCOINUSDT,163.13,bitget,filled,1,sell->buy,1,12.0,60.097092,0.3684,72.10346,0.442,12.01,1243535964887932936,4d4515ff-eea5-4f4a-bddb-b9b278325552,1243551291818467335,35af2f4c-1b5c-434f-834c-7185965f9283,2024-11-22 01:53:17.792,2024-11-22 14:43:06.712
2024-11-21 11:15:20.598,bitgetRIFSOL,bitget,RIFSOLUSDT,639.9,bitget,filled,1,sell->buy,1,12.0,60.016221,0.09379,72.014346,0.11254,12.0,1243330120091000850,6502150a-a85e-458e-b3cc-77b89c2e7c74,1243345186349735968,0dc0b719-895a-47b1-b678-b26390ab8a38,2024-11-21 12:14:47.752,2024-11-22 17:23:24.486
2024-11-22 20:59:17.533,bitgetTURBO,bitget,TURBOUSDT,11611.0,bitget,filled,1,buy->sell,1,9.0,80.986725,0.006975,89.98525,0.00775,9.0,1243839468617687052,5c9780f6-6751-4229-b111-2b4e77061b1b,1243846224454443013,7cf3fda7-1795-4998-9781-3e98b763f7be,2024-11-22 21:25:57.577,2024-11-23 08:30:28.148
2024-11-23 08:38:20.627,bitgetRIFSOL,bitget,RIFSOLUSDT,642.91,bitget,filled,1,sell->buy,1,12.0,60.1442305,0.09355,72.1473602,0.11222,12.0,1244015390717206546,c9aea69f-df76-49e8-9436-67d21c27c413,1244019881822740490,80c1d1fc-39a4-448a-b698-3d2dc1849508,2024-11-23 08:55:31.538,2024-11-23 09:35:38.540
2024-11-23 20:17:20.209,bitgetAPU,bitget,APUUSDT,98039.22,bitget,filled,1,sell->buy,1,9.0,83.23529778,0.000849,99.21569064,0.001012,15.98,1244191299306872846,4d03993a-9558-4b1e-80c9-b0614d18c5a3,1244370890545782788,71afe0b2-bddd-4968-8d19-5ea344dc4ec6,2024-11-23 22:43:33.592,2024-11-24 08:11:00.366
2024-11-23 20:21:20.691,bitgetRIFSOL,bitget,RIFSOLUSDT,631.41,bitget,filled,1,sell->buy,1,12.0,60.0281487,0.09507,72.0312528,0.11408,12.0,1244192308368334855,82310dc0-16d4-4be9-8f36-208bf90ba14b,1244383520761143297,41db178b-1666-43ec-8da5-583af0b26af6,2024-11-23 21:45:51.824,2024-11-24 17:39:16.940
2024-11-21 17:01:31.324,bitgetSLERF,bitget,SLERFUSDT,205.73,bitget,filled,1,sell->buy,1,12.0,60.07316,0.292,72.067219,0.3503,11.99,1243417242776985601,96d58b6a-e46b-4b0b-8509-c4cc1c88ba2b,1243424478815412246,286b687e-489e-403b-94cb-8b3f38e02646,2024-11-21 17:30:04.849,2024-11-24 20:43:39.322
2024-11-21 17:03:31.504,bitgetSLERF,bitget,SLERFUSDT,411.73,bitget,filled,1,sell->buy,2,48.0,120.183987,0.2919,168.191705,0.4085,48.01,1243417745179107332,882b8779-88f7-4e66-89cc-61cbf6e81f64,1243424724190584893,ae7573ec-9423-47d3-98b1-1a2d579d11e8,2024-11-21 17:30:52.883,2024-11-24 20:43:40.228
2024-11-25 11:02:31.540,bitgetRIFSOL,bitget,RIFSOLUSDT,445.88,bitget,filled,1,sell->buy,1,12.0,59.993154,0.13455,71.9917848,0.16146,12.0,1244776446154596356,500f055f-7886-4d9c-a5b2-c0688cbaa95e,1244786941142065178,edb1a0e7-1699-4e83-8136-bd3a34520a2d,2024-11-25 11:43:37.575,2024-11-25 14:17:07.519
2024-11-25 00:16:25.217,bitgetRIFSOL,bitget,RIFSOLUSDT,548.12,bitget,filled,1,sell->buy,1,12.0,59.9862528,0.10944,71.9845996,0.13133,12.0,1244613845126832136,c9e74691-cdd6-431e-a87c-ceed12dcfa6f,1244620342032424970,489f406a-5209-4315-85bd-13c356b6c226,2024-11-25 00:41:49.939,2024-11-25 16:31:37.528
2024-11-23 20:28:13.510,bitgetAPU,bitget,APUUSDT,97613.88,bitget,filled,1,buy->sell,1,9.0,80.92190652,0.000829,89.90238348,0.000921,8.98,1244194039357595674,cf288b04-2965-4aca-996f-1434034d33fd,1244370896661078016,b689dc54-63f2-4f49-b76b-8523ab5184e7,2024-11-24 05:25:19.191,2024-11-25 18:10:35.291
2024-11-24 23:43:22.794,bitgetRIFSOL,bitget,RIFSOLUSDT,660.65,bitget,filled,1,sell->buy,1,12.0,59.9672005,0.09077,71.9646045,0.10893,12.0,1244605531408130124,641f7397-bec8-4a69-a246-40060069fc95,1244613805310304290,940ce903-9c59-421f-9f10-0db6e9ac25c4,2024-11-25 00:16:04.891,2024-11-25 21:09:16.079
2024-11-24 23:43:25.019,bitgetRIFSOL,bitget,RIFSOLUSDT,1321.29,bitget,filled,1,sell->buy,2,48.0,120.0788352,0.09088,168.0813009,0.12721,48.0,1244605540492992527,a8b50f37-264e-4b9c-b56a-a5744f3e053d,1244619333302312964,85b477b5-4bee-4e1f-9545-e19db9ac644c,2024-11-25 00:37:44.647,2024-11-25 21:09:10.263
2024-11-23 08:02:19.059,bitgetRIFSOL,bitget,RIFSOLUSDT,771.65,bitget,filled,1,sell->buy,1,12.0,60.049803,0.07782,72.0489605,0.09337,12.0,1244006323613425678,32328be1-f7c5-4286-8eeb-7b2c15144829,1244015347654287368,0cbf8b77-eed7-4daf-830a-56e04ad5b8aa,2024-11-23 08:37:36.769,2024-11-26 18:44:39.547
2024-11-23 08:09:21.371,bitgetRIFSOL,bitget,RIFSOLUSDT,1563.52,bitget,filled,1,sell->buy,2,48.0,120.1721472,0.07686,168.1722112,0.10756,48.0,1244008091978129439,280554d6-27e8-4816-8478-e758fce85d76,1244018880474603565,a48b1aae-82d2-4309-822d-ac189e42d7cf,2024-11-23 08:52:03.554,2024-11-26 18:47:03.547
2024-10-12 00:22:03.670,bitgetTURBO,bitget,TURBOUSDT,4422.0,bitget,filled,1,sell->buy,1,1.2,30.01489986,0.00678763,31.214898,0.007059,1.2,1228670202926612487,a7150330-8669-432f-8f6b-33a3b3109969,1228673213228924955,a24128d8-165b-47b7-bea6-5ad121900f37,2024-10-12 00:33:26.140,2024-11-26 19:02:29.229
2024-11-21 05:05:15.488,bitgetFARTCOIN,bitget,FARTCOINUSDT,251.31,bitget,filled,1,sell->buy,1,12.0,60.088221,0.2391,72.075708,0.2868,11.99,1243236992726163457,965b8272-b4af-4f68-a032-5a2cea321668,1243251058945384455,2263a80f-dbc4-4152-adca-f91baf58331a,2024-11-21 06:00:41.547,2024-12-01 10:43:08.386
2024-11-28 17:40:15.436,bitgetGME,bitget,GMEUSDT,11988.01,bitget,filled,1,sell->buy,1,12.0,60.1798102,0.00502,72.1678202,0.00602,11.99,1245963708800262152,90910aa5-9031-446f-bcbf-8662aae26b33,1245975278792040448,c1cbb4b4-fff9-4bc3-87ff-8d5f7359000a,2024-11-28 18:26:07.274,2024-12-02 14:28:54.122
2024-12-03 09:45:06.157,bitgetAPU,bitget,APUUSDT,110633.07,bitget,filled,1,sell->buy,1,9.0,90.05531898,0.000814,99.01659765,0.000895,8.96,1247656068231815177,5423aaf8-dfcf-4414-8d99-1d397fab4b22,1247663862175588357,390e1516-8309-4e56-bdda-eb3c5ef47a17,2024-12-03 10:15:24.657,2024-12-03 15:18:28.031
2024-12-04 22:22:11.263,bitgetTURBO,bitget,TURBOUSDT,11541.0,bitget,filled,0,sell->buy,1,9.0,,,99.010239,0.008579,,1248208984541847552,d2700133-3354-4250-b958-bd3204969611,1248211275005124614,51685a00-4afe-4adf-8ecf-0b2fb5dc5e5d,2024-12-04 22:30:09.256,
2024-12-04 22:28:08.953,bitgetTURBO,bitget,TURBOUSDT,22989.0,bitget,filled,0,sell->buy,2,36.0,,,216.027633,0.009397,,1248210485330927636,acf42e4b-6eb1-4169-976c-22c0f10eb788,1248211500105031686,42320686-6678-48ef-ac92-e24c376c37d5,2024-12-04 22:30:10.533,
2024-12-05 15:04:04.920,bitgetAPU,bitget,APUUSDT,111662.53,bitget,filled,0,sell->buy,1,9.0,,,99.26798917,0.000889,,1248461117283459084,4f3f373d-8bf3-40f1-aab0-1cc3e669007f,1248468406031704067,d5b6f784-f34a-4d69-80aa-592f5271b306,2024-12-05 15:32:37.396,
2024-12-05 17:10:04.039,bitgetAPU,bitget,APUUSDT,106571.94,bitget,filled,1,sell->buy,1,9.0,90.15986124,0.000846,99.1119042,0.00093,8.95,1248492824787247123,0d66793d-8ec1-4689-b840-a0184c830d52,1248497606277029903,35dabac8-e7cc-4b8b-83a3-67eadf022bac,2024-12-05 17:28:22.446,2024-12-05 18:54:54.698
2024-12-06 02:31:16.753,bitgetGME,bitget,GMEUSDT,23166.02,bitget,filled,0,sell->buy,2,48.0,,,168.4169654,0.00727,,1248634059145437193,39ae8023-635a-4c4d-b2d6-5b233f30ba32,1248637819498356762,1a7189ac-817e-485a-8103-744cb8ef988f,2024-12-06 02:45:44.624,
2024-12-06 02:37:13.061,bitgetGME,bitget,GMEUSDT,11616.65,bitget,filled,0,sell->buy,1,12.0,,,72.1393965,0.00621,,1248635555085901833,ad2a1ac2-d97f-43ac-9b79-3e44e8c6ee61,1248637570868404235,549ee5d9-b12d-4c1c-bc28-afdc73c57665,2024-12-06 02:45:03.844,
2024-12-06 02:45:14.955,bitgetGME,bitget,GMEUSDT,9195.4,bitget,filled,1,sell->buy,1,12.0,60.137916,0.00654,72.18389,0.00785,12.05,1248637575767351321,d9ea1b55-6c21-40e1-ad81-dc1a122a7bf5,1248638318339514372,36c6becf-3ba9-41c2-860f-3be8f4577e30,2024-12-06 02:47:36.356,2024-12-06 04:23:04.740
