date,r1,r2,r3,r4,r5,r6,blue,sales,poolmoney
2013-01-01,6,8,14,15,24,25,6,309153922,30000000
2013-01-03,1,16,18,22,28,30,12,303822912,61810900
2013-01-06,22,23,26,27,28,33,9,367773688,98882604
2013-01-08,6,10,16,20,27,32,8,337097616,35567995
2013-01-10,1,13,14,25,31,32,12,339352226,49335143
2013-01-13,9,10,13,17,22,30,13,374366198,82757304
2013-01-15,2,9,15,22,26,32,1,341246158,151606540
2013-01-17,3,8,17,21,25,32,15,341795384,170217234
2013-01-20,1,4,9,13,16,23,2,383674016,195572596
2013-01-22,1,9,11,17,32,33,12,347709230,224151420
2013-01-24,3,12,17,24,27,29,9,350274074,199912372
2013-01-27,6,14,17,22,28,29,2,389114476,260734911
2013-01-29,5,6,13,19,22,28,9,351745408,211416895
2013-01-31,2,4,5,17,19,20,8,348187310,150729380
2013-02-03,5,6,7,11,13,18,15,377989410,202682481
2013-02-05,2,5,6,12,14,28,5,327207104,165350088
2013-02-07,4,6,12,30,31,32,9,339247106,198644874
2013-02-17,2,8,13,28,29,30,5,364752666,193557090
2013-02-19,1,2,5,16,20,26,6,316958200,207401535
2013-02-21,1,7,8,12,16,21,1,337611102,233771560
2013-02-24,1,6,17,19,26,31,11,386291388,239758883
2013-02-26,2,4,7,9,15,20,7,349104140,238299864
2013-02-28,3,6,15,18,30,32,5,359844386,271259788
2013-03-03,4,5,13,23,27,30,9,397860528,222298732
2013-03-05,16,17,18,24,25,30,8,365053994,116448192
2013-03-07,4,11,14,15,22,31,11,357237076,140421744
2013-03-10,1,2,4,12,21,24,12,401897672,136259354
2013-03-12,7,8,14,25,26,28,13,363477764,144919914
2013-03-14,6,7,10,19,23,29,12,367189222,133260864
2013-03-17,7,14,18,25,26,29,6,405193314,146756785
2013-03-19,3,13,14,15,21,33,3,365951410,135583170
2013-03-21,4,21,25,29,30,33,3,365616360,185170708
2013-03-24,5,6,13,17,19,28,1,397248028,34224132
2013-03-26,6,15,20,22,26,33,9,339315898,47229360
2013-03-28,1,14,15,17,26,30,2,351498872,105954843
2013-03-31,4,5,9,27,29,31,13,393497514,118017567
2013-04-02,2,15,18,27,28,32,14,350336028,122337450
2013-04-04,9,10,12,14,15,19,11,328400842,140504290
2013-04-07,1,2,14,15,24,29,6,390740078,158541908
2013-04-09,2,4,10,12,17,30,10,352650578,135009567
2013-04-11,2,10,12,17,23,24,5,358260706,165669831
2013-04-14,1,8,12,13,15,33,3,396763590,191650228
2013-04-16,3,6,14,15,17,25,16,358568922,130914304
2013-04-18,3,5,11,18,26,28,6,355471956,113248452
2013-04-21,6,7,8,14,23,31,12,389847482,123007759
2013-04-23,3,16,19,20,24,26,6,352094234,143084851
2013-04-25,1,8,11,17,27,30,12,347274348,167906106
2013-04-28,10,13,17,28,30,32,4,379712106,55171877
2013-04-30,10,13,14,16,21,32,14,295889902,114803190
2013-05-02,3,7,13,18,22,25,3,331969178,116018802
2013-05-05,8,12,15,19,28,29,2,377856082,30000000
2013-05-07,6,7,14,21,22,24,13,320719928,48367032
2013-05-09,3,12,13,22,30,33,14,327360018,89705790
2013-05-12,3,4,8,14,21,28,14,367209526,101137064
2013-05-14,8,18,19,22,27,32,6,328924474,116004306
2013-05-16,3,12,25,26,28,29,16,330573576,138712270
2013-05-19,13,16,19,23,26,28,5,367207180,152624208
2013-05-21,8,11,17,21,23,24,5,338075776,138757060
2013-05-23,3,10,18,24,27,29,9,339381758,99230450
2013-05-26,5,7,10,13,19,20,15,368726696,110329152
2013-05-28,5,6,7,12,13,18,12,335064726,30000000
2013-05-30,1,6,7,19,22,27,2,313979568,83172610
2013-06-02,10,15,18,20,23,31,12,354390256,142799949
2013-06-04,1,9,13,22,25,32,12,328102052,172812165
2013-06-06,7,18,19,23,29,30,2,334460176,201675690
2013-06-09,1,3,16,17,20,32,7,368087166,182192048
2013-06-11,1,4,9,15,22,30,6,309743864,137776720
2013-06-13,2,7,13,20,25,27,6,329872238,135584520
2013-06-16,7,16,17,18,30,33,6,369339396,30000000
2013-06-18,2,3,9,10,28,30,6,296577242,58271360
2013-06-20,5,12,21,23,26,28,9,311914552,31637441
2013-06-23,2,8,11,14,19,33,9,351392580,83394408
2013-06-25,2,9,13,17,20,28,11,324559238,31466432
2013-06-27,3,6,8,14,19,32,3,320654782,76109739
2013-06-30,4,6,9,25,30,33,14,358276246,148151453
2013-07-02,14,23,24,26,29,30,3,326689120,213429920
2013-07-04,9,14,23,24,26,29,3,333114166,90631848
2013-07-07,3,5,17,18,26,27,15,355637236,125198288
2013-07-09,7,13,17,19,22,26,13,320512624,108592428
2013-07-11,10,11,12,23,28,32,16,327918824,126651295
2013-07-14,1,4,10,13,21,31,13,359745012,164579200
2013-07-16,4,13,14,20,22,30,6,326611872,177229420
2013-07-18,5,6,12,14,19,23,9,338036388,101908566
2013-07-21,5,7,9,11,20,21,3,373588034,101313260
2013-07-23,2,8,12,14,16,32,16,330145456,119563094
2013-07-25,2,4,11,13,16,26,11,326453274,147621963
2013-07-28,2,13,19,23,24,28,5,364306204,159824838
2013-07-30,9,15,20,21,22,24,14,332225112,203431818
2013-08-01,4,8,12,19,21,25,13,337088774,173879650
2013-08-04,2,5,11,23,24,29,8,372773264,30000000
2013-08-06,4,14,24,25,28,31,10,308670790,30000000
2013-08-08,7,11,15,21,26,31,6,311052518,39250888
2013-08-11,1,2,8,26,29,31,14,345826922,113583018
2013-08-13,2,4,14,18,20,22,7,320217972,85662203
2013-08-15,1,6,15,19,28,29,10,321839422,122220820
2013-08-18,1,2,22,28,29,30,15,364530978,133568694
2013-08-20,5,14,17,22,23,25,7,326153582,165973926
2013-08-22,7,15,18,19,20,26,14,333979300,61447820
2013-08-25,5,11,20,21,26,31,3,359490506,57365841
2013-08-27,4,8,11,14,16,20,11,324850520,110063013
2013-08-29,5,7,9,23,27,32,1,339246710,117330108
2013-09-01,2,4,5,6,8,16,3,374113680,112762404
2013-09-03,2,4,9,13,18,20,7,329389008,129386045
2013-09-05,1,2,4,15,17,28,11,339771188,161543208
2013-09-08,1,11,23,27,31,32,9,380197404,180328590
2013-09-10,9,11,23,30,31,32,6,344715810,192566520
2013-09-12,7,9,11,17,28,31,11,349907348,206293472
2013-09-15,16,21,22,28,31,32,5,384725718,244712259
2013-09-17,9,23,24,27,29,32,8,351155742,248456620
2013-09-19,15,17,18,21,29,32,13,341867256,271666100
2013-09-22,1,2,3,6,8,33,13,401502238,216014150
2013-09-24,1,6,12,13,22,31,7,344881702,199580280
2013-09-26,4,7,11,17,24,33,9,353992568,202421233
2013-09-29,4,6,17,21,23,33,7,398506774,240677850
2013-10-01,3,12,16,17,18,27,8,319974332,211959722
2013-10-03,12,15,21,26,32,33,7,312633700,259236778
2013-10-06,9,12,13,24,27,33,16,368579726,217864773
2013-10-08,2,3,17,22,32,33,16,343511272,243272184
2013-10-10,5,15,20,22,26,32,9,357071040,240588702
2013-10-13,5,6,13,18,23,31,11,404684072,36491411
2013-10-15,4,5,6,7,25,27,7,337100116,60671480
2013-10-17,7,10,13,15,26,27,11,345544080,75670240
2013-10-20,1,2,6,11,17,25,2,385822278,86159328
2013-10-22,3,9,15,23,25,30,7,347249642,107102896
2013-10-24,4,6,8,18,25,28,16,372984566,123047728
2013-10-27,4,10,19,27,31,33,16,408866622,162711340
2013-10-29,2,3,13,20,22,33,14,376726836,197309615
2013-10-31,7,13,17,19,25,31,8,381844688,201975928
2013-11-03,5,6,10,14,27,31,14,418710844,262553088
2013-11-05,1,3,15,16,31,33,8,385080972,256689792
2013-11-07,4,6,12,17,19,26,9,388319260,199798632
2013-11-10,20,21,22,23,25,27,12,420848208,124670825
2013-11-12,4,7,12,19,22,25,1,361709328,119827596
2013-11-14,1,17,18,19,25,29,10,372289714,82346272
2013-11-17,9,23,24,25,29,31,12,406720240,139074525
2013-11-19,4,6,14,16,18,26,6,369164734,116962560
2013-11-21,4,17,19,23,24,27,10,379293130,51312261
2013-11-24,4,15,16,24,27,28,3,402650432,74254260
2013-11-26,7,8,11,13,21,27,8,372082440,30000000
2013-11-28,1,5,12,13,21,22,10,359556480,76786944
2013-12-01,3,4,5,25,30,31,4,409703546,30000000
2013-12-03,11,12,14,20,22,29,14,356100256,63900184
2013-12-05,12,18,21,22,27,32,11,364973022,82747368
2013-12-08,5,7,12,19,27,31,2,406764784,99467508
2013-12-10,6,10,13,16,23,24,15,364933776,92904565
2013-12-12,8,20,25,30,32,33,1,404451866,162543128
2013-12-15,2,15,16,17,19,30,8,400947352,117026496
2013-12-17,6,11,12,14,17,22,1,354333120,154199665
2013-12-19,9,18,25,26,30,32,11,369490424,155929878
2013-12-22,1,15,16,25,26,29,10,409001896,188178865
2013-12-24,3,9,10,19,28,33,9,376460226,30000000
2013-12-26,4,6,14,16,18,29,5,353968798,30000000
2013-12-29,8,11,13,18,28,33,10,394373774,76364070
2013-12-31,7,11,14,19,24,29,5,382836786,69636912
2014-01-02,3,9,15,20,27,29,1,371341368,136130274
2014-01-05,4,21,23,31,32,33,4,408021124,157176954
2014-01-07,6,10,11,28,30,33,12,363993362,169237320
2014-01-09,1,4,19,22,24,25,15,373155800,201488460
2014-01-12,15,18,23,27,32,33,4,414088906,237244320
2014-01-14,3,4,7,17,21,27,14,369941458,30000000
2014-01-16,8,10,12,14,18,28,14,346606050,58697890
2014-01-19,5,14,16,21,29,30,12,392135484,99040432
2014-01-21,8,9,19,20,25,32,16,348408848,127264176
2014-01-23,5,7,8,20,31,33,11,359922428,168977284
2014-01-26,9,10,13,14,21,32,2,400827700,185230836
2014-01-28,1,8,11,19,21,24,8,364615256,193817286
2014-02-09,5,9,13,15,17,21,13,447850102,174532572
2014-02-11,4,9,19,22,25,29,15,340281006,174399960
2014-02-13,2,11,19,30,32,33,9,345827928,153702230
2014-02-16,2,3,7,13,21,24,8,394728698,189407019
2014-02-18,4,6,7,14,25,26,10,354286552,89220000
2014-02-20,13,17,18,21,30,33,15,366787508,152153450
2014-02-23,2,10,15,19,20,21,7,409381396,149062025
2014-02-25,9,14,17,23,24,25,15,369800298,195215928
2014-02-27,8,10,15,17,22,29,12,376012996,190297125
2014-03-02,4,6,7,10,21,26,16,422477050,208621864
2014-03-04,7,9,13,17,21,22,10,379325720,192597457
2014-03-06,8,10,16,20,23,30,9,380942014,102252288
2014-03-09,1,5,10,14,16,30,16,420328670,176129274
2014-03-11,1,2,5,6,11,23,14,376888174,234682846
2014-03-13,8,10,14,16,30,31,1,384105632,301167546
2014-03-16,6,16,21,27,30,32,5,435709368,309604392
2014-03-18,2,7,14,16,21,29,14,396072528,335945528
2014-03-20,12,18,19,23,24,30,10,396594924,343001056
2014-03-23,4,10,16,17,21,27,14,443595958,331429504
2014-03-25,1,2,14,22,29,33,7,397424848,363106803
2014-03-27,5,13,23,28,32,33,12,403193612,319148956
2014-03-30,1,3,4,8,25,31,6,432189956,242743280
2014-04-01,7,8,9,17,32,33,6,385901784,239056900
2014-04-03,1,7,8,9,11,22,3,378585748,115259940
2014-04-06,6,13,14,24,25,30,7,385617546,64542096
2014-04-08,4,7,22,23,24,33,16,356364376,95544036
2014-04-10,3,11,15,19,20,31,7,363687932,140977080
2014-04-13,3,4,6,11,12,15,8,406009192,129726387
2014-04-15,7,11,16,18,21,22,2,365242842,180069774
2014-04-17,12,15,20,25,28,33,14,373018334,267308119
2014-04-20,2,5,9,14,24,33,9,415843112,210637936
2014-04-22,4,9,21,27,28,33,12,373074342,234600372
2014-04-24,2,4,9,11,19,22,15,375431708,173383408
2014-04-27,2,10,11,17,18,22,10,407325576,151808850
2014-04-29,8,10,11,12,19,29,15,367083108,175063188
2014-05-01,6,9,16,17,24,25,16,328158768,167548980
2014-05-04,6,7,16,17,23,32,6,395100460,138239115
2014-05-06,3,17,23,25,26,32,13,356974970,153092388
2014-05-08,10,16,19,21,23,24,13,355097144,172124407
2014-05-11,9,13,15,28,30,33,8,388520458,130683658
2014-05-13,14,17,19,22,26,31,2,357050160,192683993
2014-05-15,1,4,5,11,29,30,14,362404232,163007572
2014-05-18,2,9,14,19,21,30,4,399255230,166904832
2014-05-20,1,11,18,20,28,29,1,355820816,189835134
2014-05-22,2,4,12,18,23,31,8,357051002,211270800
2014-05-25,2,3,12,13,14,25,11,395239936,35549494
2014-05-27,5,8,12,13,23,25,13,332914310,33384288
2014-05-29,3,5,14,18,25,33,6,332537430,77191491
2014-06-01,2,14,17,27,28,31,8,348086982,63402256
2014-06-03,6,9,15,24,25,26,9,324555900,30000000
2014-06-05,3,8,17,21,22,31,16,318559312,55534992
2014-06-08,2,9,15,16,29,32,14,362553032,51701734
2014-06-10,3,4,5,8,10,22,6,331291864,50353786
2014-06-12,2,5,15,17,18,21,16,326106482,117743004
2014-06-15,1,6,7,17,18,23,6,369752334,91365232
2014-06-17,4,12,13,22,27,29,16,333498724,162571614
2014-06-19,5,12,17,19,25,30,11,344427596,144097840
2014-06-22,1,7,9,19,28,29,7,381932126,46472150
2014-06-24,2,4,12,17,22,25,14,332837230,30000000
2014-06-26,1,3,7,13,19,32,16,324184472,92535036
2014-06-29,1,12,16,20,30,33,2,368813894,158150815
2014-07-01,1,3,6,13,30,31,12,333005878,211476892
2014-07-03,3,9,11,22,27,29,6,341705034,133787352
2014-07-06,6,10,12,17,18,33,11,375634222,177753477
2014-07-08,8,9,12,15,19,22,10,335080206,174008032
2014-07-10,2,3,5,6,9,17,7,340877252,169313373
2014-07-13,2,7,16,22,27,28,2,371546996,198155300
2014-07-15,5,14,16,17,25,30,7,339602048,251469908
2014-07-17,8,14,22,24,27,29,10,345588442,275196240
2014-07-20,2,4,20,25,26,29,11,376072870,297439788
2014-07-22,5,6,19,21,23,33,12,342671260,316186254
2014-07-24,1,6,9,10,13,25,8,348439746,324879900
2014-07-27,1,2,11,19,23,29,8,383964576,300168090
2014-07-29,2,4,10,12,14,30,8,342885520,321991524
2014-07-31,6,18,22,23,32,33,6,346294212,341554266
2014-08-03,3,6,11,14,16,29,15,378895304,380020836
2014-08-05,4,6,14,17,27,30,9,349996988,327508140
2014-08-07,5,9,11,19,24,32,13,361007810,285022119
2014-08-10,1,5,12,19,27,29,14,395683536,312855494
2014-08-12,3,13,18,19,22,26,7,355694942,308790808
2014-08-14,2,8,9,10,20,29,5,361310882,207035236
2014-08-17,1,10,18,20,23,29,1,394513356,273173708
2014-08-19,5,6,8,14,22,31,8,348187212,279324805
2014-08-21,12,14,17,19,22,24,8,357432576,312395240
2014-08-24,7,13,24,25,27,32,15,390727104,369675882
2014-08-26,2,13,17,20,29,31,7,353151800,392834215
2014-08-28,1,5,10,11,13,32,14,358086522,432609020
2014-08-31,1,6,9,10,14,16,11,401949134,472918194
2014-09-02,16,18,20,23,24,32,7,359712392,529892270
2014-09-04,14,16,21,24,28,31,13,368749750,582985842
2014-09-07,3,8,9,10,18,33,4,396768732,589633520
2014-09-09,2,6,12,19,27,28,13,358170510,624461375
2014-09-11,14,16,17,19,27,32,4,379715550,662968446
2014-09-14,9,14,17,18,21,25,15,422052940,718893160
2014-09-16,11,14,17,22,25,27,16,387176276,752252140
2014-09-18,3,8,9,20,23,28,2,393047674,735850612
2014-09-21,2,5,11,15,19,28,2,437600916,732608704
2014-09-23,1,8,11,13,19,30,6,384948858,759917456
2014-09-25,2,8,17,20,22,28,2,391471380,809720000
2014-09-28,1,15,16,21,24,30,3,438774340,754185552
2014-09-30,12,14,28,31,32,33,7,376332046,794394502
2014-10-02,2,7,23,30,32,33,10,336622164,803604936
2014-10-05,1,9,10,11,13,32,3,393986920,329463486
2014-10-07,9,10,14,15,19,29,16,355472106,349707904
2014-10-09,5,10,17,25,28,29,4,376251864,364535919
2014-10-12,5,7,15,18,26,30,3,412610364,348405240
2014-10-14,6,13,17,20,26,29,9,374297910,293508896
2014-10-16,1,7,12,16,23,28,4,380941988,236996485
2014-10-19,1,2,13,22,28,30,9,414246034,216715500
2014-10-21,6,9,11,16,20,29,11,372450634,178571232
2014-10-23,1,6,11,17,28,33,5,374248054,66611994
2014-10-26,2,17,20,24,31,33,4,414603564,149338971
2014-10-28,10,11,15,26,31,32,6,369171242,177881270
2014-10-30,6,11,16,17,22,27,1,374635140,92547000
2014-11-02,2,10,12,21,23,27,12,405427926,71262030
2014-11-04,5,7,8,17,18,24,14,358520804,87337680
2014-11-06,5,8,9,20,28,32,2,359082268,127351182
2014-11-09,1,2,10,24,30,33,10,402591108,176970840
2014-11-11,5,17,21,22,28,32,14,396591384,211523816
2014-11-13,5,6,14,15,18,33,8,372487192,215841500
2014-11-16,13,14,16,23,30,31,13,417287906,245415332
2014-11-18,5,16,22,23,26,28,2,374813426,279769385
2014-11-20,2,4,11,13,25,33,1,380304722,332494676
2014-11-23,3,16,19,27,31,32,10,419949224,405577188
2014-11-25,3,6,9,11,25,29,9,377779080,296658774
2014-11-27,4,6,13,29,31,33,13,379450576,333290635
2014-11-30,1,14,15,20,25,29,11,416872552,340012160
2014-12-02,6,10,11,14,17,33,6,369928040,355086600
2014-12-04,8,9,11,16,21,24,10,374573402,298381028
2014-12-07,6,21,22,23,25,28,13,419262206,343788680
2014-12-09,3,12,18,20,25,26,16,375707362,323244502
2014-12-11,3,5,6,9,10,27,14,379438954,350262546
2014-12-14,10,12,13,23,26,29,11,428104998,359386704
2014-12-16,1,6,13,20,29,32,1,383982986,428190888
2014-12-18,6,7,22,26,31,32,10,385071740,460352344
2014-12-21,1,2,5,12,15,16,13,425097618,479691558
2014-12-23,7,9,10,15,19,33,1,386664128,562421886
2014-12-25,3,8,14,22,24,32,9,393965122,557171217
2014-12-28,4,5,8,11,21,27,8,436728282,521118039
2014-12-30,8,13,15,20,21,25,12,403970126,504014400
2015-01-01,1,7,9,16,20,23,6,389811558,512536696
2015-01-04,7,15,16,25,28,32,5,445131362,504837957
2015-01-06,10,15,20,23,24,31,15,389418150,529251380
2015-01-08,2,14,15,16,23,24,10,391871604,551117080
2015-01-11,7,10,16,17,18,32,15,434233966,589772988
2015-01-13,1,10,11,29,31,33,13,381704996,613260305
2015-01-15,1,7,9,17,20,33,8,396557494,615032608
2015-01-18,4,7,10,16,20,22,3,441162104,641915910
2015-01-20,4,7,14,17,21,25,14,406130598,642387330
2015-01-22,1,2,3,8,21,31,9,408876968,650777351
2015-01-25,4,14,15,17,18,20,15,448888738,710557160
2015-01-27,3,5,22,23,29,31,6,370574586,649012056
2015-01-29,8,9,24,25,26,29,1,371312910,649780284
2015-02-01,2,12,16,19,27,30,11,413004748,305609400
2015-02-03,1,7,20,24,25,33,4,369504840,325790184
2015-02-05,2,6,10,15,17,31,13,370190678,326819010
2015-02-08,13,18,20,25,27,33,12,405548808,357142667
2015-02-10,6,9,12,14,28,29,9,356589678,343063140
2015-02-12,2,6,11,19,25,26,4,363865754,337065060
2015-02-15,1,4,7,19,22,23,4,404738304,359013634
2015-02-17,14,15,16,17,27,28,8,369500210,311412624
2015-02-26,4,7,10,16,23,25,10,428626486,333076429
2015-03-01,8,9,10,13,29,30,1,371421794,344102175
2015-03-03,9,11,16,18,23,24,10,297320432,361697874
2015-03-05,10,11,12,15,27,32,14,301966294,428205689
2015-03-08,2,13,17,21,22,33,13,346132854,399549056
2015-03-10,5,7,9,16,26,29,7,313056664,269549046
2015-03-12,4,7,10,26,27,28,14,318360502,282421976
2015-03-15,7,14,15,19,21,28,7,350574266,290603075
2015-03-17,8,11,14,15,16,26,7,313853770,308254584
2015-03-19,1,5,7,22,26,32,11,322648288,301014330
2015-03-22,11,14,16,18,29,32,16,356881788,322806048
2015-03-24,3,6,21,29,31,32,5,316147976,350190906
2015-03-26,12,13,17,18,20,27,13,319035578,372366860
2015-03-29,1,8,9,22,24,33,3,354232116,356011799
2015-03-31,4,6,16,17,26,33,3,314978372,385090460
2015-04-02,5,7,12,18,28,31,3,311121894,456745930
2015-04-05,5,6,11,12,14,33,14,330881502,521569463
2015-04-07,1,13,15,26,29,30,12,304495842,527688511
2015-04-09,13,16,18,27,30,32,16,320385120,560707072
2015-04-12,4,9,11,17,21,25,6,355451862,505889468
2015-04-14,9,10,19,21,23,32,8,328582874,445522068
2015-04-16,11,12,15,24,26,27,15,333265010,437343962
2015-04-19,2,3,4,13,14,16,2,361973072,236303584
2015-04-21,1,5,13,22,30,31,7,317791860,244649655
2015-04-23,5,7,10,14,23,31,1,324849386,300076800
2015-04-26,2,3,20,24,26,27,9,353219880,259871028
2015-04-28,13,16,17,22,25,27,10,314318648,222018030
2015-04-30,7,12,14,17,20,23,5,304091626,213425469
2015-05-03,3,9,12,16,17,31,4,330490908,231625820
2015-05-05,4,10,24,26,28,32,9,311895918,252880206
2015-05-07,2,4,11,16,25,26,12,312855530,203256114
2015-05-10,3,7,17,22,32,33,10,337772948,209305224
2015-05-12,1,2,7,10,22,26,7,305342532,196780010
2015-05-14,1,10,15,18,19,28,2,308523870,208855998
2015-05-17,1,7,8,16,18,20,14,333455694,224467579
2015-05-19,9,20,24,25,26,32,4,298048220,254227996
2015-05-21,2,9,10,18,19,20,15,302422308,255306348
2015-05-24,2,6,9,16,25,32,14,327035284,311068287
2015-05-26,1,3,18,27,31,32,13,294398362,325336905
2015-05-28,6,18,22,26,32,33,4,300873544,366514881
2015-05-31,9,14,15,18,21,26,16,323470788,420456986
2015-06-02,1,7,9,16,22,32,12,291740962,425356078
2015-06-04,11,12,14,17,23,27,1,298850352,437144743
2015-06-07,8,10,14,19,26,29,12,326011866,456496222
2015-06-09,5,8,11,17,24,28,16,295073100,475169355
2015-06-11,2,5,8,24,25,31,14,296388770,460773196
2015-06-14,6,15,18,21,26,27,10,326767662,465249696
2015-06-16,1,13,17,18,23,30,15,292089158,470825144
2015-06-18,1,7,13,19,21,29,15,294607168,497421825
2015-06-21,8,18,20,28,29,31,8,308073950,440046866
2015-06-23,1,3,5,20,21,31,5,293363242,453763345
2015-06-25,1,2,17,22,26,27,4,293054328,471257280
2015-06-28,4,7,21,25,26,29,8,320107256,513223352
2015-06-30,6,11,13,19,21,32,4,292719690,565604258
2015-07-02,1,9,10,19,23,27,9,294088268,493791571
2015-07-05,1,6,8,10,13,27,16,324775100,543815196
2015-07-07,3,7,20,22,26,29,2,291936416,577316625
2015-07-09,9,14,15,20,26,32,11,291775556,496467738
2015-07-12,14,17,25,27,28,30,2,314150596,523386294
2015-07-14,13,20,22,26,28,31,13,278500218,532076736
2015-07-16,2,8,9,14,28,30,7,288017344,523423566
2015-07-19,6,7,16,18,29,32,5,315704384,479827975
2015-07-21,15,18,20,22,28,29,15,281884996,524697570
2015-07-23,2,8,25,27,28,29,5,285325214,562393449
2015-07-26,5,6,8,16,18,22,12,308129834,566691000
2015-07-28,9,15,16,19,20,28,11,280174514,610880852
2015-07-30,2,12,20,24,29,31,9,287667610,582193066
2015-08-02,12,14,19,27,28,29,1,311873350,625139856
2015-08-04,10,12,14,22,25,33,15,282983042,680071900
2015-08-06,5,7,17,19,22,31,11,285818388,705046588
2015-08-09,9,15,19,21,26,27,1,318089362,735532810
2015-08-11,1,3,13,21,25,31,8,292493392,742351320
2015-08-13,1,4,6,13,16,17,10,295713760,746713280
2015-08-16,4,15,21,28,30,31,4,325059832,772938425
2015-08-18,6,16,17,23,24,31,7,294260644,755803560
2015-08-20,9,12,14,20,26,27,4,298570222,741136594
2015-08-23,6,9,13,26,27,33,1,329104206,792540978
2015-08-25,6,7,10,11,14,22,9,297598058,792191150
2015-08-27,2,3,11,17,19,21,8,302573068,821878422
2015-08-30,8,16,22,24,28,29,5,333057658,817471200
2015-09-01,7,9,12,14,21,23,6,300065068,813396960
2015-09-03,6,8,13,26,30,32,14,284270680,837110700
2015-09-06,9,18,21,23,25,26,1,332604432,920084183
2015-09-08,9,10,16,19,20,26,12,304229202,895314612
2015-09-10,1,3,4,23,31,32,13,305793682,910114980
2015-09-13,7,14,16,18,21,25,8,337547646,911942185
2015-09-15,2,12,19,22,24,27,15,309769258,907674399
2015-09-17,1,8,9,16,32,33,13,317531670,929816615
2015-09-20,5,7,16,17,22,23,4,340689020,921225536
2015-09-22,8,14,16,18,20,30,12,307364620,936577124
2015-09-24,1,3,10,19,20,27,11,306859802,952587008
2015-09-27,1,5,7,8,19,27,12,337101348,974660050
2015-09-29,4,7,9,13,21,26,1,297013542,952803917
2015-10-01,1,7,8,14,24,32,3,275624372,911942840
2015-10-04,4,6,15,23,26,28,11,298345670,923015828
2015-10-06,4,11,12,18,26,32,12,276307776,954935922
2015-10-08,1,4,11,21,23,31,12,302094780,950170804
2015-10-11,2,8,10,18,23,31,8,336177996,958500564
2015-10-13,16,21,24,26,27,29,16,306978816,1007024322
2015-10-15,1,3,20,21,28,29,12,311696404,1040297060
2015-10-18,5,7,11,16,22,25,7,340964698,989011240
2015-10-20,5,8,9,12,22,28,7,312976520,992135264
2015-10-22,2,3,5,12,18,27,1,314656346,987064991
2015-10-25,5,13,22,27,30,33,10,342693238,990620057
2015-10-27,10,11,15,20,23,29,12,321292184,978661552
2015-10-29,7,10,19,22,27,33,6,323385694,924043914
2015-11-01,1,3,8,11,22,28,6,353929358,889484982
2015-11-03,5,8,11,16,18,27,4,330274852,934367160
2015-11-05,6,14,15,16,17,22,10,329910968,957074000
2015-11-08,10,12,13,19,22,26,3,352871146,971589906
2015-11-10,3,5,11,28,30,33,1,324697916,991052692
2015-11-12,2,3,13,20,22,24,15,318320120,1037218347
2015-11-15,2,5,14,19,27,31,4,359304970,1078946224
2015-11-17,1,12,14,18,26,32,7,323653256,1085902032
2015-11-19,2,5,12,23,28,29,1,332169672,1134489732
2015-11-22,14,22,23,27,28,31,12,357991902,1183970392
2015-11-24,1,2,8,16,19,24,11,317036346,1160191307
2015-11-26,1,10,13,18,25,27,9,323569236,1158957645
2015-11-29,6,20,28,29,30,31,12,363959858,1188582820
2015-12-01,3,8,19,25,27,28,2,329544366,1174709536
2015-12-03,13,17,19,20,22,25,11,326956020,1221938746
2015-12-06,13,15,19,20,21,32,4,363104978,1253527944
2015-12-08,1,4,7,15,28,32,16,330530758,1278764676
2015-12-10,7,8,15,19,20,24,13,327973844,1248915010
2015-12-13,16,17,21,28,30,32,15,368273034,1307571540
2015-12-15,8,9,16,23,24,30,5,331495570,1187906265
2015-12-17,9,13,14,22,26,27,7,330278892,1127755566
2015-12-20,9,10,20,21,22,33,9,368458204,960924480
2015-12-22,1,3,8,11,29,31,13,333813118,1022632570
2015-12-24,5,6,8,23,31,32,11,350309390,1050789000
2015-12-27,11,18,19,21,29,32,12,392322240,1026723516
2015-12-29,8,11,15,22,27,29,3,348341018,999785925
2015-12-31,7,9,11,15,18,25,7,364605498,984457630
2016-01-03,6,13,16,18,20,22,13,388445976,1022461915
2016-01-05,9,14,17,20,24,30,16,343096096,1049581785
2016-01-07,1,10,14,23,26,28,1,351825302,1047367656
2016-01-10,8,10,17,22,25,33,12,376467244,1053582237
2016-01-12,11,14,18,20,31,33,14,347622842,816820648
2016-01-14,13,16,18,20,28,31,12,357519610,880487026
2016-01-17,5,12,14,20,27,29,6,398316866,864189106
2016-01-19,2,15,24,29,32,33,2,355411856,893240990
2016-01-21,10,14,24,25,27,32,4,341116278,937517775
2016-01-24,2,4,12,14,19,25,6,359088730,922316332
2016-01-26,3,8,10,15,22,29,12,332990472,752133812
2016-01-28,7,12,14,16,27,32,15,336562836,800780176
2016-01-31,7,12,21,22,26,31,1,370420948,860575404
2016-02-02,2,8,10,18,20,27,7,321027466,667745460
2016-02-04,1,2,14,22,25,26,7,346224370,692442990
2016-02-14,1,20,22,24,25,26,16,316931514,721026255
2016-02-16,5,6,8,20,22,30,5,293890064,698821392
2016-02-18,12,13,14,17,21,25,4,316712952,725711885
2016-02-21,6,13,16,17,23,30,10,354746834,497880207
2016-02-23,1,2,10,12,22,24,10,317041006,540251214
2016-02-25,9,11,13,22,24,26,5,330776764,567576885
2016-02-28,4,9,19,22,23,30,7,370206784,574633808
2016-03-01,3,6,10,19,25,29,7,337590682,552702346
2016-03-03,2,5,7,14,18,31,13,344808140,551044179
2016-03-06,4,11,12,17,24,30,12,379126514,497263041
2016-03-08,4,9,12,28,30,33,1,329158276,573762988
2016-03-10,11,13,15,17,19,31,5,337818690,607947604
2016-03-13,6,8,12,21,25,29,1,370238316,639478896
2016-03-15,12,15,18,20,21,27,15,347727124,673974740
2016-03-17,10,14,19,22,25,29,12,351985986,202797966
2016-03-20,3,8,10,19,26,33,3,385818800,190281234
2016-03-22,8,12,14,15,21,27,15,339342300,228889010
2016-03-24,6,17,18,20,27,29,15,338637474,296662312
2016-03-27,3,15,21,22,23,28,15,380415644,388316232
2016-03-29,4,13,19,20,26,29,11,343407218,378328346
2016-03-31,3,4,7,9,20,22,3,348368584,439352386
2016-04-03,6,15,26,31,32,33,16,350165940,494817840
2016-04-05,3,12,13,22,28,29,3,325081790,530930396
2016-04-07,1,3,7,18,19,27,16,335090614,568328305
2016-04-10,3,13,19,20,23,26,3,365246422,568128108
2016-04-12,12,17,18,21,22,24,4,330501352,612243516
2016-04-14,7,14,17,23,26,31,9,334864386,589832826
2016-04-17,5,14,20,26,30,33,12,364494720,605438772
2016-04-19,1,3,10,12,18,30,1,335979238,632010456
2016-04-21,4,9,12,17,30,32,3,336323174,696734182
2016-04-24,7,20,25,26,27,30,14,364459490,779578465
2016-04-26,2,5,8,15,17,22,16,324937604,806292000
2016-04-28,3,8,13,14,15,30,4,329538828,830538816
2016-05-01,6,8,13,14,22,27,10,330279014,796447605
2016-05-03,9,12,24,28,29,30,2,308889140,823767052
2016-05-05,1,2,4,9,15,33,12,324257380,872097902
2016-05-08,1,6,13,19,24,28,16,353216208,876129336
2016-05-10,2,8,10,12,29,31,1,320149454,903222855
2016-05-12,6,11,16,19,28,32,4,324349586,914302376
2016-05-15,5,6,10,16,22,26,11,350383284,902490160
2016-05-17,3,4,8,11,16,18,14,326490562,925399830
2016-05-19,7,12,19,22,23,26,11,325499780,915017488
2016-05-22,3,5,18,20,24,32,11,357296334,981243730
2016-05-24,4,11,12,20,25,28,15,322601954,989524476
2016-05-26,4,5,22,26,29,32,8,320540202,914524470
2016-05-29,5,6,8,18,20,32,8,340147518,835286844
2016-05-31,12,13,15,18,19,21,9,305198008,865680358
2016-06-02,16,17,18,23,28,32,7,304409952,910497831
2016-06-05,3,12,14,17,19,26,3,332534594,900497807
2016-06-07,13,16,22,25,26,27,14,298326848,945654750
2016-06-09,3,7,13,18,19,20,5,275334312,921254130
2016-06-12,9,13,18,20,27,31,4,327487486,946443820
2016-06-14,8,19,23,28,31,32,1,295768168,991629338
2016-06-16,8,10,11,20,21,27,11,300232584,1001117928
2016-06-19,3,6,11,18,23,29,1,326894102,1023740893
2016-06-21,19,21,26,28,29,32,1,293734448,1061458288
2016-06-23,5,16,19,22,24,25,2,290670126,1100767568
2016-06-26,9,11,12,15,16,20,13,327032018,1116225045
2016-06-28,6,10,11,12,20,25,12,297584738,838131500
2016-06-30,1,3,6,16,29,32,7,295574016,890340179
2016-07-03,7,8,13,22,30,32,1,331977974,917666478
2016-07-05,1,9,17,19,20,29,10,294629008,933341379
2016-07-07,2,4,8,23,26,29,2,296681554,953135832
2016-07-10,1,3,10,12,24,28,2,322821956,1012281038
2016-07-12,1,16,17,24,25,32,14,288372472,1042999580
2016-07-14,2,6,15,25,30,32,7,288505018,1066490094
2016-07-17,6,12,14,15,17,20,9,323658370,1048143580
2016-07-19,9,16,17,24,30,31,4,291921542,1056212003
2016-07-21,2,4,12,18,24,26,5,288778286,1068920080
2016-07-24,1,12,19,20,21,25,16,319888112,1079747823
2016-07-26,9,10,11,12,15,32,5,286788850,1098197736
2016-07-28,2,3,10,11,14,21,12,288396896,1124530659
2016-07-31,3,14,16,18,25,33,15,320354148,1149627355
2016-08-02,1,3,14,30,31,32,8,288232376,1120249570
2016-08-04,2,13,17,20,21,26,7,294008068,1033308810
2016-08-07,4,8,14,22,23,28,7,329710234,994429110
2016-08-09,2,13,15,23,24,29,6,299992386,908473144
2016-08-11,6,9,15,17,25,27,9,298416216,843280596
2016-08-14,6,7,10,12,18,31,10,324311584,861184896
2016-08-16,1,5,9,12,18,32,12,297413702,866140800
2016-08-18,6,13,14,21,22,24,16,296887214,888068045
2016-08-21,6,13,25,26,28,31,1,327274678,886496310
2016-08-23,2,8,25,29,31,32,6,296350008,908084049
2016-08-25,1,11,21,23,27,33,6,300016648,930007164
2016-08-28,3,10,22,23,27,29,4,335027586,960230040
2016-08-30,1,3,19,24,32,33,1,303829992,1005245634
2016-09-01,5,8,10,14,17,30,13,304528374,1007804693
2016-09-04,1,5,13,19,24,27,11,334526552,977024997
2016-09-06,5,9,11,18,30,31,4,304391928,1025995488
2016-09-08,8,10,19,27,28,31,16,304435234,1011744422
2016-09-11,4,5,13,22,25,30,4,329967722,1036874166
2016-09-13,6,11,18,26,27,32,1,295842288,1016647606
2016-09-15,2,3,7,8,19,26,16,278530656,1033314654
2016-09-18,9,11,15,16,27,33,5,339043452,1031137928
2016-09-20,5,7,28,31,32,33,8,306664040,1037073225
2016-09-22,2,4,7,14,15,32,4,310894592,1080979719
2016-09-25,6,12,14,15,18,25,12,339124224,1082109240
2016-09-27,1,11,16,17,20,26,14,301675518,1097496306
2016-09-29,5,16,20,22,27,29,9,300350554,1005529350
2016-10-02,6,8,20,22,26,27,9,307770194,984826752
2016-10-04,7,18,20,23,27,31,13,268669114,997623156
2016-10-06,3,10,14,17,28,33,2,281128494,971854560
2016-10-09,9,14,22,23,31,33,14,338792784,1017168724
2016-10-11,9,19,21,30,31,32,4,302415052,1044045944
2016-10-13,2,5,6,21,25,28,9,309329228,1054589076
2016-10-16,2,3,10,23,25,28,9,340006950,1082073970
2016-10-18,15,22,23,24,28,29,8,305059324,1089129612
2016-10-20,7,9,12,14,20,27,16,305299416,1119192450
2016-10-23,9,15,21,24,27,32,10,370331346,1144946805
2016-10-25,1,6,8,20,27,30,3,346147358,1117386530
2016-10-27,2,6,12,17,18,19,10,347402822,1154908300
2016-10-30,7,12,17,26,29,31,16,377635784,1208693682
2016-11-01,4,9,11,17,26,27,13,346505806,1172302677
2016-11-03,5,6,8,21,31,33,14,356293078,1236923614
2016-11-06,3,17,21,23,27,28,1,389013348,1258366632
2016-11-08,4,10,18,19,25,27,2,341425796,1286258608
2016-11-10,5,8,13,19,27,28,7,349399364,1107687796
2016-11-13,15,16,21,22,27,33,15,397601552,1035115770
2016-11-15,11,12,13,14,18,33,13,356409344,1057618368
2016-11-17,2,8,10,18,20,33,12,353219786,973012992
2016-11-20,2,7,10,20,27,29,3,396457052,989371808
2016-11-22,1,6,9,10,15,32,14,339962622,1024045140
2016-11-24,7,16,20,24,25,30,7,350229764,998764932
2016-11-27,1,6,19,26,28,30,3,395456724,1041642655
2016-11-29,1,2,5,17,26,32,10,360447386,998908480
2016-12-01,4,13,15,17,21,24,15,371798444,1025247440
2016-12-04,1,10,17,21,23,30,12,407120242,1025247212
2016-12-06,6,9,23,24,25,33,13,378923738,1055352355
2016-12-08,4,10,12,27,32,33,5,372346108,1031610174
2016-12-11,1,3,7,12,19,20,6,398955964,1019425688
2016-12-13,3,7,15,16,17,23,10,344859752,1030668248
2016-12-15,4,14,18,28,31,32,12,341474648,1053462300
2016-12-18,1,2,11,20,26,30,14,381634232,1060899760
2016-12-20,3,20,23,26,32,33,7,342258704,1069092085
2016-12-22,2,4,5,9,13,21,5,350741078,1010476368
2016-12-25,6,11,16,20,22,33,7,375311070,1013655324
2016-12-27,2,8,9,16,20,22,7,338973816,974772214
2016-12-29,7,9,16,24,25,29,6,342438226,990091165
2017-01-01,9,11,14,20,25,26,15,376155592,1007519355
2017-01-03,15,19,23,24,25,32,3,333473696,1046185700
2017-01-05,1,4,8,15,27,32,16,328263696,1089595542
2017-01-08,5,13,17,26,27,30,7,361243290,1046462778
2017-01-10,6,11,12,22,23,30,5,328457210,1018195332
2017-01-12,2,4,8,26,29,33,8,327823184,1019607668
2017-01-15,2,4,5,24,26,33,15,358098002,1049607797
2017-01-17,7,13,15,27,28,29,13,318368112,1039620330
2017-01-19,2,6,8,9,15,29,14,318286702,1043538642
2017-01-22,5,8,19,25,28,30,7,350388682,914275770
2017-01-24,10,11,12,23,26,29,16,318019266,914786466
2017-01-26,10,11,14,15,16,24,7,329120186,919697751
2017-02-05,8,11,28,29,31,33,6,377878424,924629020
2017-02-07,6,8,18,20,23,31,13,307538720,944740410
2017-02-09,1,8,9,14,17,32,1,314977594,976589244
2017-02-12,5,8,16,22,27,29,2,349767606,957434232
2017-02-14,3,7,8,10,22,23,12,329086094,973496920
2017-02-16,1,2,3,17,25,31,9,332385048,976565180
2017-02-19,4,6,8,12,23,25,8,362828374,992823572
2017-02-21,4,8,10,12,31,33,10,321450250,1016040400
2017-02-23,2,5,10,22,32,33,9,329896520,984320688
2017-02-26,2,6,15,16,18,32,15,370988738,1029761908
2017-02-28,1,3,4,11,18,22,14,337872226,1072263213
2017-03-02,9,21,25,26,29,31,13,342020216,1093529538
2017-03-05,2,15,16,17,22,32,7,372684176,1076249141
2017-03-07,3,10,12,19,27,30,8,338217710,954816000
2017-03-09,2,4,11,14,27,30,5,344767540,980689536
2017-03-12,7,8,12,13,22,30,9,377657484,977766651
2017-03-14,2,15,21,23,25,30,10,343011048,1003660344
2017-03-16,1,7,9,20,23,30,2,350487064,1037107695
2017-03-19,6,10,16,26,27,29,3,377406752,924910650
2017-03-21,5,8,15,24,27,31,11,346410188,609910623
2017-03-23,5,7,15,20,23,30,15,346477046,610298424
2017-03-26,4,7,8,19,32,33,13,373962682,618519064
2017-03-28,1,6,14,24,28,32,12,342022594,568068720
2017-03-30,1,2,5,10,24,27,15,340257990,613555992
2017-04-02,11,15,20,22,25,30,5,346434206,629265693
2017-04-04,1,4,8,13,24,27,5,310673636,656476865
2017-04-06,2,4,12,14,17,24,15,330405710,730094377
2017-04-09,15,19,23,28,29,33,4,359413424,691582671
2017-04-11,4,10,13,15,22,27,4,322450520,634663869
2017-04-13,1,2,4,7,10,23,4,326995938,652974432
2017-04-16,8,13,16,23,27,31,8,348879160,669647148
2017-04-18,8,16,19,21,31,32,6,318935018,636516015
2017-04-20,5,7,16,20,21,25,5,320562564,664910592
2017-04-23,4,13,14,23,26,32,10,348845228,677946402
2017-04-25,2,5,8,10,32,33,2,313845556,694177440
2017-04-27,5,8,9,14,15,19,7,317465116,664324529
2017-04-30,1,8,14,15,20,29,10,326777700,680077398
2017-05-02,10,12,20,24,27,29,7,308163776,700584945
2017-05-04,2,5,9,15,24,25,11,315667040,682920580
2017-05-07,7,8,18,24,29,31,7,346847224,704802480
2017-05-09,4,9,11,15,29,31,6,316559816,716619576
2017-05-11,2,3,9,23,28,33,8,315730948,746396522
2017-05-14,7,12,13,20,24,31,5,342200872,685895820
2017-05-16,13,14,18,19,21,28,6,317424132,697988120
2017-05-18,18,20,22,23,30,31,16,314697362,698067117
2017-05-21,1,9,13,22,28,32,11,338794650,702858272
2017-05-23,4,8,9,15,19,25,9,306145516,586532102
2017-05-25,5,10,13,24,26,31,4,320553910,613018696
2017-05-28,6,7,12,20,26,27,11,327891234,546535704
2017-05-30,1,7,22,24,26,31,10,292747704,588631018
2017-06-01,12,16,20,22,25,31,4,307572084,624355820
2017-06-04,2,10,16,22,24,28,15,351655222,654376180
2017-06-06,2,5,8,10,12,21,7,320800086,619300374
2017-06-08,1,4,6,17,19,26,3,329821920,624968496
2017-06-11,1,3,4,10,18,29,4,356270498,630964440
2017-06-13,2,6,10,22,30,31,15,320912348,655631053
2017-06-15,2,11,12,23,29,31,5,326172358,683978436
2017-06-18,1,6,14,22,25,26,12,357559628,709557056
2017-06-20,2,3,6,14,31,32,3,322489468,745151312
2017-06-22,6,11,14,23,26,30,2,321195342,740584900
2017-06-25,3,6,16,23,26,30,14,347269730,747555120
2017-06-27,2,6,16,23,30,31,2,312167868,720097616
2017-06-29,1,3,6,19,21,29,7,320592160,711353370
2017-07-02,1,4,8,9,14,15,13,346391726,721042021
2017-07-04,1,2,4,15,17,22,14,310153396,752910976
2017-07-06,5,7,18,19,22,24,16,308678006,763870919
2017-07-09,3,7,14,23,25,27,8,338568770,772154315
2017-07-11,1,12,16,20,22,24,8,309113400,761168290
2017-07-13,3,5,14,25,26,30,5,311169340,771574680
2017-07-16,14,18,21,25,28,29,10,340327376,770257854
2017-07-18,3,8,14,20,24,26,12,305712986,741221637
2017-07-20,1,5,11,20,22,24,2,314750766,746247204
2017-07-23,1,5,6,16,25,30,9,340676888,736565578
2017-07-25,3,5,6,13,20,22,7,313250840,741969095
2017-07-27,3,6,13,14,19,28,6,316090948,705056937
2017-07-30,7,9,18,22,23,29,6,346380162,702515540
2017-08-01,11,12,13,16,23,25,12,314842050,750483542
2017-08-03,1,7,10,16,22,33,9,312174318,772752284
2017-08-06,5,7,10,23,28,29,3,337138076,795913308
2017-08-08,10,18,19,29,32,33,9,308876342,826577324
2017-08-10,7,8,9,15,22,27,12,308248758,662712921
2017-08-13,8,11,13,19,28,31,6,341689810,658076283
2017-08-15,9,10,12,19,22,29,16,317203922,632720984
2017-08-17,2,6,11,12,19,29,6,322973284,611617622
2017-08-20,5,10,18,19,30,31,3,348913966,616091250
2017-08-22,4,19,22,27,30,33,1,314009676,561544774
2017-08-24,2,5,6,16,28,29,4,310565530,460398735
2017-08-27,4,7,8,18,23,24,2,343590604,435010976
2017-08-29,1,4,11,28,31,32,16,313219868,498878630
2017-08-31,4,8,10,14,18,20,11,315963272,455170324
2017-09-03,1,21,23,25,31,33,1,347478996,469614348
2017-09-05,1,14,15,20,23,30,14,310263038,523607612
2017-09-07,3,6,7,12,25,26,7,314223620,385864894
2017-09-10,12,15,20,25,27,31,2,346574690,421291764
2017-09-12,8,9,15,17,30,32,6,319335446,368859616
2017-09-14,7,12,14,15,17,20,1,320774192,390692040
2017-09-17,8,14,16,18,21,23,16,349302018,436050760
2017-09-19,1,3,12,15,19,23,14,316936062,482979264
2017-09-21,5,10,17,19,29,32,12,317976914,443532928
2017-09-24,3,10,14,16,22,23,11,346255520,490214060
2017-09-26,4,6,16,27,29,33,5,316223542,507647724
2017-09-28,6,12,13,15,18,26,13,321554260,533714324
2017-10-01,4,10,11,25,30,31,1,322048056,557069238
2017-10-03,2,14,20,22,30,32,2,270066216,550134702
2017-10-05,1,2,8,11,14,21,9,277103412,565108899
2017-10-08,8,9,15,22,30,33,16,339910326,562212840
2017-10-10,9,16,21,25,26,31,14,311293858,557828271
2017-10-12,8,10,15,19,23,28,16,319254526,590730365
2017-10-15,11,18,19,22,24,32,7,344520506,597274960
2017-10-17,11,20,21,22,24,27,15,323216212,624823324
2017-10-19,4,5,6,11,21,31,10,327467830,578631376
2017-10-22,2,6,11,26,28,29,3,352610564,582215080
2017-10-24,1,14,23,25,29,30,3,324821104,598302894
2017-10-26,1,16,17,21,27,30,16,328800104,618963440
2017-10-29,14,15,21,24,27,32,12,351381232,647103220
2017-10-31,2,6,13,22,29,31,8,323872230,588766113
2017-11-02,5,6,9,14,21,33,2,334351058,638652615
2017-11-05,5,13,14,23,25,31,2,401382016,690570120
2017-11-07,1,7,10,11,26,27,11,367788616,600864875
2017-11-09,2,3,5,9,13,28,11,377852842,633905850
2017-11-12,6,15,17,18,23,30,11,400247724,662957197
2017-11-14,4,5,11,14,28,32,4,365781644,635172616
2017-11-16,1,6,7,14,18,26,16,378825098,659493336
2017-11-19,3,7,10,18,21,24,12,401556928,614278265
2017-11-21,5,10,20,23,26,31,3,376184186,635431923
2017-11-23,1,17,24,28,32,33,2,377937674,672085896
2017-11-26,2,14,20,24,28,32,16,409744564,721754472
2017-11-28,21,22,25,28,29,30,8,376479116,687332768
2017-11-30,1,6,7,11,13,15,5,374075240,698733752
2017-12-03,8,13,14,18,23,33,6,417715258,712354014
2017-12-05,4,6,9,14,20,29,14,383967718,707688280
2017-12-07,3,14,16,20,31,32,9,394649686,696647832
2017-12-10,2,6,12,17,25,28,12,434698744,574055706
2017-12-12,1,19,25,26,27,33,10,409358700,515383281
2017-12-14,3,7,20,21,25,31,14,397012632,585636222
2017-12-17,4,7,11,14,29,32,12,419003890,558628074
2017-12-19,5,8,15,20,27,30,13,389703152,229382406
2017-12-21,6,14,19,20,21,23,8,382821120,231409917
2017-12-24,2,5,7,9,11,27,16,410102286,265615770
2017-12-26,6,10,23,25,26,29,5,367326916,270223240
2017-12-28,7,11,12,13,18,19,16,372349292,324719716
2017-12-31,5,9,13,15,18,26,5,414241024,338693168
2018-01-02,1,8,11,26,28,31,4,367348082,278621134
2018-01-04,7,18,24,29,31,33,16,351610618,338840952
2018-01-07,1,14,16,17,20,31,4,388121442,384536000
2018-01-09,14,18,19,26,30,31,11,349304820,358237373
2018-01-11,2,20,21,28,31,33,6,354961030,423934061
2018-01-14,2,7,8,9,17,29,11,387617618,425081503
2018-01-16,13,14,20,25,27,31,12,354279554,435109760
2018-01-18,5,9,10,12,17,19,13,359785672,427643568
2018-01-21,5,10,17,23,26,32,7,384256808,364964347
2018-01-23,1,8,17,20,21,22,3,351327690,385873044
2018-01-25,3,10,21,23,27,33,11,336871794,397713208
2018-01-28,11,12,13,19,26,28,12,367108128,406003688
2018-01-30,6,8,13,15,22,33,6,338322260,410564826
2018-02-01,9,12,20,24,28,31,7,341965074,370944726
2018-02-04,11,15,20,21,26,33,15,372995620,384707208
2018-02-06,1,11,12,18,25,27,16,338462386,415237924
2018-02-08,3,6,11,26,30,32,12,341808336,441055600
2018-02-11,2,12,13,18,25,27,7,364855490,426699072
2018-02-13,3,11,12,16,21,23,9,353382992,423300648
2018-02-22,6,9,10,14,28,30,5,322991340,302764704
2018-02-25,3,4,6,11,23,28,14,364661036,348212718
2018-02-27,7,14,19,21,22,23,3,333617132,371039376
2018-03-01,12,15,16,21,26,29,16,339395846,419696331
2018-03-04,11,19,22,26,31,32,2,373443496,436102047
2018-03-06,4,13,16,19,21,25,14,341614936,513258146
2018-03-08,4,7,12,14,26,32,4,341958742,537930372
2018-03-11,2,7,9,14,18,28,5,386579026,561561972
2018-03-13,3,8,11,14,18,23,16,352015830,578094167
2018-03-15,1,2,9,14,22,25,5,349939456,607081200
2018-03-18,13,14,20,21,25,33,7,388492136,673759355
2018-03-20,2,16,18,19,27,30,14,345048756,722002755
2018-03-22,21,22,23,24,25,32,6,351194914,760396749
2018-03-25,4,19,20,22,28,33,6,376360408,806829198
2018-03-27,1,5,11,22,23,26,15,348544506,823152736
2018-03-29,7,10,11,17,23,28,15,350309396,856009608
2018-04-01,8,17,24,26,28,33,4,375931002,897368156
2018-04-03,1,6,7,8,27,30,10,336334062,877589328
2018-04-05,15,23,24,25,28,29,9,303245456,888445635
2018-04-08,8,12,18,19,23,32,3,368394896,911280204
2018-04-10,1,3,8,13,18,23,16,341719534,905458752
2018-04-12,7,8,20,23,24,32,13,342614774,940022436
2018-04-15,6,10,21,28,29,31,12,373384922,912888550
2018-04-17,1,4,6,8,21,24,7,350595736,922258638
2018-04-19,5,9,12,17,27,30,6,351490126,845550354
2018-04-22,3,4,6,25,26,30,1,381384846,846265053
2018-04-24,10,13,14,18,20,31,3,341414200,903210136
2018-04-26,6,7,12,16,22,25,7,340211348,906138855
2018-04-29,1,12,20,25,30,31,2,347082070,938951220
2018-05-01,1,3,4,11,19,23,2,308606382,958977957
2018-05-03,1,2,4,10,18,19,7,332612986,969426906
2018-05-06,5,7,20,23,27,31,4,362286900,1002362910
2018-05-08,3,5,6,9,15,32,14,335132016,1030470724
2018-05-10,1,4,10,11,14,27,6,336743448,1036375992
2018-05-13,4,6,18,22,25,33,16,364343470,1075158284
2018-05-15,7,9,10,12,22,26,7,328077816,921156717
2018-05-17,1,3,6,20,21,26,1,332042280,934983896
2018-05-20,5,15,17,19,20,30,13,360079018,944921232
2018-05-22,7,12,13,16,26,31,7,328678478,936339437
2018-05-24,4,6,8,13,22,32,11,335528070,951572015
2018-05-27,4,8,13,25,30,31,10,364451892,968808575
2018-05-29,9,10,11,12,18,23,7,332550974,931563495
2018-05-31,2,18,19,24,25,33,11,326938646,955101072
2018-06-03,5,6,10,16,20,25,12,358387608,841729671
2018-06-05,2,5,10,11,17,21,5,329557586,821423304
2018-06-07,1,4,6,14,28,33,1,329937636,847267386
2018-06-10,9,16,17,19,22,26,10,357968382,846907070
2018-06-12,1,4,9,12,15,18,5,324647042,858719248
2018-06-14,8,10,17,20,27,30,1,332649368,900360000
2018-06-17,6,13,17,19,23,31,12,355213336,921431615
2018-06-19,4,9,15,16,19,27,10,339461364,907892115
2018-06-21,2,5,6,13,16,19,3,348880396,911477268
2018-06-24,11,16,19,22,25,30,8,372281494,823199206
2018-06-26,2,9,14,15,16,23,10,329645754,832397856
2018-06-28,9,11,14,20,27,30,9,327800026,813581190
2018-07-01,7,9,12,13,22,24,11,356378720,774033783
2018-07-03,3,7,8,15,29,30,13,327873252,698248210
2018-07-05,2,5,9,15,20,24,10,327832004,709870938
2018-07-08,3,10,14,17,18,30,12,358569878,721951374
2018-07-10,14,15,17,22,24,29,13,327442428,782146094
2018-07-12,4,7,13,20,29,33,3,325310442,805444602
2018-07-15,1,2,12,16,20,26,3,349698540,837010055
2018-07-17,6,12,14,20,22,24,9,319081284,838703256
2018-07-19,4,9,18,21,32,33,3,323565026,843134325
2018-07-22,5,6,8,12,22,24,3,347865554,821610647
2018-07-24,4,10,25,26,30,33,6,322576362,815513264
2018-07-26,2,7,17,21,23,26,16,322631262,767052918
2018-07-29,1,5,10,16,18,31,3,348603358,821914596
2018-07-31,3,5,12,29,30,32,14,315199378,832943120
2018-08-02,6,9,12,14,18,27,14,312432712,864705795
2018-08-05,1,2,4,10,14,23,7,340370390,830323212
2018-08-07,6,11,13,17,25,32,7,315853082,854322188
2018-08-09,6,10,16,19,24,33,16,318819890,921043817
2018-08-12,4,18,20,21,29,33,7,341609166,962368068
2018-08-14,4,7,16,20,24,30,5,314204036,1023528004
2018-08-16,10,11,12,21,26,33,9,320539494,1045113520
2018-08-19,1,5,9,20,28,32,12,338691852,965286126
2018-08-21,1,2,17,20,25,28,13,313501772,1024508131
2018-08-23,6,10,11,20,29,32,13,314746902,1037348433
2018-08-26,3,7,8,14,25,32,6,339383254,1013742168
2018-08-28,2,11,14,15,29,33,2,309533260,1047796176
2018-08-30,1,3,14,26,29,33,9,308676480,1062181270
2018-09-02,2,6,11,19,21,28,5,340812198,1085333716
2018-09-04,2,9,15,22,23,24,16,314574584,1103208722
2018-09-06,2,3,6,19,25,29,1,312637426,1128194345
2018-09-09,4,5,13,18,19,25,1,343324268,1102004192
2018-09-11,4,18,19,24,25,26,10,312096980,1119736168
2018-09-13,1,2,5,12,20,22,1,317508712,1146472338
2018-09-16,5,13,18,21,26,30,2,322147946,1088482714
2018-09-18,10,11,18,23,31,33,15,306989720,1104585752
2018-09-20,11,13,16,21,22,23,2,307066624,1161612266
2018-09-23,1,7,14,24,25,28,8,320180512,1123718442
2018-09-25,5,8,18,25,26,31,4,302328982,1101702921
2018-09-27,1,6,9,16,25,26,9,314160394,1073781687
2018-09-30,1,7,15,16,20,27,14,336072030,1092970758
2018-10-02,1,13,19,24,26,29,11,273986534,1121020227
2018-10-04,5,14,17,22,23,28,15,281786404,938345496
2018-10-07,8,11,15,17,23,25,5,340052040,954956874
2018-10-09,8,12,21,22,27,31,9,322015414,956670540
2018-10-11,3,13,14,16,25,27,12,328321394,935364310
2018-10-14,3,4,18,26,27,33,1,357215818,973089335
2018-10-16,6,8,14,19,23,25,11,321305376,962509317
2018-10-18,5,7,20,22,30,32,10,327644802,827873755
2018-10-21,13,21,24,27,31,32,1,410429482,867467741
2018-10-23,9,13,14,19,22,25,2,378069006,894677451
2018-10-25,3,10,11,14,15,32,2,391293382,961703467
2018-10-28,1,6,8,9,14,22,5,415778246,978656335
2018-10-30,2,5,6,7,11,15,12,383266268,964241444
2018-11-01,6,7,8,19,22,23,2,388471822,976588973
2018-11-04,2,4,6,16,18,19,16,418290398,1013358099
2018-11-06,5,12,17,18,24,28,12,374274632,978511798
2018-11-08,21,22,24,31,32,33,1,383809176,1050270214
2018-11-11,1,2,9,10,15,22,6,408709916,1043966776
2018-11-13,2,4,11,12,18,32,13,374106026,1084505788
2018-11-15,3,16,18,31,32,33,12,377767366,1084959009
2018-11-18,1,3,6,10,11,29,16,406719454,1138385085
2018-11-20,10,12,15,25,26,27,14,377111910,1166942493
2018-11-22,3,5,11,15,20,23,9,379485292,1152259559
2018-11-25,1,10,25,27,30,32,9,412013682,1213413511
2018-11-27,11,18,20,23,31,32,15,380559364,1221766906
2018-11-29,1,15,20,22,25,28,14,386006162,1320037180
2018-12-02,11,14,16,18,24,33,4,416166816,1385805866
2018-12-04,5,8,10,11,27,28,11,390581690,1343493083
2018-12-06,4,6,15,28,32,33,14,373157016,1328627871
2018-12-09,8,13,17,18,20,27,13,387956028,1403504611
2018-12-11,3,9,13,22,23,25,6,349376292,1333080271
2018-12-13,2,10,11,17,18,29,16,345409226,1317986374
2018-12-16,3,15,17,23,27,30,11,378419434,1319726677
2018-12-18,3,6,18,19,21,31,1,346743178,1315102044
2018-12-20,1,7,8,10,12,24,1,353364860,1312652452
2018-12-23,6,8,15,19,20,31,5,377320206,1289430060
2018-12-25,5,15,19,25,26,29,15,345353380,1321227399
2018-12-27,4,14,16,23,28,29,3,342935808,1247608325
2018-12-30,1,7,17,23,25,31,11,363663410,1289528301
2019-01-01,6,10,13,15,32,33,15,341453440,1283324272
2019-01-03,4,5,6,8,9,18,11,345144344,1294586730
2019-01-06,13,17,20,21,22,27,1,373728002,1333321882
2019-01-08,8,12,16,19,26,32,3,338080388,1346750738
2019-01-10,21,22,26,28,31,32,7,343365078,1326043660
2019-01-13,1,5,10,19,26,28,12,375825296,1211353738
2019-01-15,6,10,14,15,19,23,15,340543166,1223439184
2019-01-17,2,6,9,13,28,32,12,342498692,1255320435
2019-01-20,1,7,10,22,31,32,15,376873348,1267633646
2019-01-22,2,4,5,8,11,30,2,336769874,1223708496
2019-01-24,10,13,19,21,24,30,7,340431350,1245829570
2019-01-27,7,10,21,23,31,33,14,370443836,1303808580
2019-01-29,5,7,14,16,18,21,1,332648408,1347698265
2019-01-31,1,2,3,14,19,33,3,327526362,1364355844
2019-02-03,11,15,16,20,24,31,4,386508326,1352193873
2019-02-12,5,7,9,11,19,25,5,314659700,1334598348
2019-02-14,4,5,24,28,30,33,9,312764888,1355934705
2019-02-17,4,11,18,19,26,32,4,349743310,1370346090
2019-02-19,3,11,17,18,24,25,6,326400930,1285383840
2019-02-21,2,12,13,23,27,28,12,330603914,1268982145
2019-02-24,2,5,7,8,20,27,4,370839306,1301850849
2019-02-26,3,7,11,21,30,33,7,338829860,1233143388
2019-02-28,1,10,14,15,18,31,13,353488994,1207046316
2019-03-03,1,8,23,25,28,29,10,384117562,1209747493
2019-03-05,15,16,21,27,30,33,4,345714892,1246342879
2019-03-07,3,13,15,19,20,27,14,349411720,1242805065
2019-03-10,2,6,8,10,11,17,13,393236612,1257385558
2019-03-12,4,19,22,26,29,30,11,356878622,1244140628
2019-03-14,8,11,17,23,32,33,10,358515950,1269306832
2019-03-17,4,5,7,10,12,22,16,392415448,1240512761
2019-03-19,3,13,15,18,21,33,16,358344316,1276420305
2019-03-21,4,8,9,13,28,33,4,353034100,1308932812
2019-03-24,9,15,19,21,23,29,15,385168218,1259439534
2019-03-26,9,11,15,22,24,26,3,354652922,1263277472
2019-03-28,1,5,7,9,10,20,16,354951028,1269805979
2019-03-31,2,10,13,16,23,32,8,383547756,1164805979
2019-04-02,1,7,12,14,18,25,10,344923376,1154793537
2019-04-04,9,12,21,27,29,30,5,335328036,1138999919
2019-04-07,6,7,11,14,27,32,8,363128750,1122075950
2019-04-09,5,6,9,18,23,31,11,335974062,1118623191
2019-04-11,2,9,13,23,24,26,16,347145834,1183587505
2019-04-14,15,17,19,22,25,26,4,376134240,1220955571
2019-04-16,1,6,12,13,24,32,13,345296562,1275191954
2019-04-18,6,14,16,17,23,29,7,350579948,1246753637
2019-04-21,1,6,17,19,27,31,14,380577960,1272816559
2019-04-23,2,12,16,22,25,32,6,349236650,1227436396
2019-04-25,3,11,18,25,30,33,14,349665886,1297945208
2019-04-28,3,7,10,12,18,29,10,379210874,1307482004
2019-04-30,3,10,13,22,23,28,15,333775314,1300906020
2019-05-02,4,6,10,11,21,23,2,311858860,1276546288
2019-05-05,8,9,10,13,15,28,9,371316762,1229559631
2019-05-07,3,6,9,13,16,19,16,342251970,514041918
2019-05-09,4,16,22,25,29,31,8,345533966,486040155
2019-05-12,7,10,11,15,24,26,11,376075414,484344441
2019-05-14,1,6,11,15,19,31,10,350070872,531777347
2019-05-16,13,14,17,19,21,29,1,351267630,579319269
2019-05-19,4,5,6,8,13,18,16,372560948,606231938
2019-05-21,7,8,12,21,23,27,12,339299672,520571254
2019-05-23,4,5,7,9,16,18,6,345567246,561383166
2019-05-26,3,4,14,20,23,27,1,367103342,628604946
2019-05-28,3,17,19,24,27,31,12,335296666,655425812
2019-05-30,7,13,16,23,26,30,1,339468976,684734277
2019-06-02,1,14,19,22,29,31,16,361222550,718713061
2019-06-04,12,20,24,25,30,33,12,331639006,743421022
2019-06-06,6,9,11,15,20,26,10,327400036,737867862
2019-06-09,1,14,17,20,22,32,4,354505682,765994853
2019-06-11,4,6,8,11,30,33,11,330381956,781887228
2019-06-13,3,14,20,24,26,33,10,331635522,802934315
2019-06-16,6,11,16,19,21,25,1,370103190,813208375
2019-06-18,6,15,18,19,24,32,9,335727814,839590047
2019-06-20,1,8,19,24,29,30,4,338921834,779942491
2019-06-23,2,9,13,15,22,30,15,366310328,784809688
2019-06-25,1,2,6,12,16,18,8,334373706,731798593
2019-06-27,12,21,27,29,31,33,4,339313032,777279978
2019-06-30,5,8,20,22,31,33,3,356452390,825389586
2019-07-02,12,15,19,20,29,32,14,327737064,860745165
2019-07-04,9,11,13,18,21,22,15,331156004,928983242
2019-07-07,1,17,27,29,31,33,12,358699764,911692755
2019-07-09,1,3,6,9,19,31,16,324952306,884700186
2019-07-11,3,6,8,20,24,32,7,333601616,878626031
2019-07-14,5,24,27,29,31,32,10,359862504,907395563
2019-07-16,7,16,19,22,24,28,2,328221990,927370251
2019-07-18,6,15,17,26,28,31,3,329029762,926738145
2019-07-21,4,8,14,18,20,27,3,356282880,892130280
2019-07-23,1,4,14,18,24,29,4,322387974,882276151
2019-07-25,16,22,24,26,28,31,6,318423888,868561562
2019-07-28,4,5,7,9,21,30,4,348495228,904387916
2019-07-30,13,14,15,21,23,29,13,320442344,848907760
2019-08-01,2,4,14,16,20,22,11,321183320,851666935
2019-08-04,2,3,6,8,14,22,4,355808718,912434874
2019-08-06,7,10,21,24,29,32,11,321773688,965901226
2019-08-08,9,17,27,28,32,33,8,325113036,961868391
2019-08-11,5,7,8,9,20,22,2,343851622,870686214
2019-08-13,5,10,12,18,19,27,6,318739184,870773310
2019-08-15,2,5,14,19,21,28,1,327102912,908224516
2019-08-18,5,7,12,18,27,32,11,355103324,720969696
2019-08-20,3,5,18,24,25,31,9,328319954,729874065
2019-08-22,3,11,12,14,17,26,9,334187522,759762439
2019-08-25,7,14,22,23,27,30,8,355328056,667283924
2019-08-27,1,4,12,13,30,32,8,334319180,720116287
2019-08-29,1,4,9,21,31,33,5,336008906,716370043
2019-09-01,3,8,12,16,20,32,12,365310214,665286304
2019-09-03,4,12,14,21,27,29,12,334444954,726754909
2019-09-05,1,5,16,17,18,24,10,336503558,727332881
2019-09-08,2,13,15,17,26,33,1,365092568,754476375
2019-09-10,2,14,22,27,30,33,14,330410652,799590658
2019-09-12,2,6,8,23,27,32,2,326852234,856645293
2019-09-15,7,13,19,22,25,32,13,361553454,842165456
2019-09-17,3,6,7,17,28,31,10,339057352,862636404
2019-09-19,1,18,22,26,27,28,8,345297696,869553104
2019-09-22,7,18,20,22,24,33,1,371095278,907833069
2019-09-24,3,12,14,17,23,27,1,335430712,939911612
2019-09-26,1,5,19,21,25,33,15,339648916,966030310
2019-09-29,2,4,9,11,12,30,1,372847052,1016450569
2019-10-08,4,10,11,14,15,29,5,354033692,1023230427
2019-10-10,1,8,9,13,16,33,1,336502106,1047187205
2019-10-13,3,5,11,28,32,33,1,358734764,1085958852
2019-10-15,12,14,15,25,28,31,4,329400746,1105685807
2019-10-17,4,20,22,24,26,33,7,332545590,1089354655
2019-10-20,10,12,27,31,32,33,3,361613906,1117954087
2019-10-22,2,6,15,21,30,31,2,334748934,1091862134
2019-10-24,4,10,15,19,21,23,2,334989390,1131287397
2019-10-27,2,6,8,17,28,30,6,360609038,1067428638
2019-10-29,4,9,30,31,32,33,1,337939626,1042703541
2019-10-31,2,11,12,26,27,29,3,342491160,1054933143
2019-11-03,2,14,17,29,32,33,16,369776508,1062273688
2019-11-05,2,6,7,12,17,24,10,338393664,1027292513
2019-11-07,3,8,12,16,17,19,8,342336168,1008312621
2019-11-10,3,4,7,9,15,26,7,442669038,952320130
2019-11-12,1,7,9,11,24,32,16,418172282,951230446
2019-11-14,9,17,19,20,24,31,4,413548024,955790186
2019-11-17,4,6,11,14,19,33,7,443878462,981615374
2019-11-19,3,7,16,21,24,31,7,412973230,997265432
2019-11-21,1,4,6,22,29,30,3,424644500,1027388308
2019-11-24,3,6,10,11,27,33,3,448749008,1086229996
2019-11-26,12,14,15,17,29,33,12,411048748,1105571297
2019-11-28,7,10,13,19,23,31,6,414318454,1015204480
2019-12-01,2,6,12,30,31,32,11,455574142,986542917
2019-12-03,8,14,20,23,30,33,11,420684332,1043301115
2019-12-05,2,4,9,11,14,22,5,421874374,966423413
2019-12-08,10,13,14,15,17,33,14,466103236,1042760527
2019-12-10,8,14,24,27,29,33,9,429455474,998995951
2019-12-12,5,13,15,16,26,32,9,421054466,986249870
2019-12-15,2,12,15,19,27,30,3,448943976,991024359
2019-12-17,1,8,13,17,18,19,16,404721396,969648184
2019-12-19,1,4,10,12,30,32,14,400822952,1030878448
2019-12-22,1,9,12,14,23,27,12,428843148,1035973571
2019-12-24,9,10,13,20,26,27,8,412835082,870667904
2019-12-26,1,6,27,28,31,33,7,401837358,836506504
2019-12-29,2,9,14,22,27,29,2,424037140,855139985
2019-12-31,2,6,9,18,24,26,14,405999712,885545850
2020-01-02,2,15,23,26,29,30,2,388311860,939054504
2020-01-05,4,9,14,15,16,29,11,410784878,911355134
2020-01-07,9,17,26,29,30,32,3,368960938,885816521
2020-01-09,2,15,17,27,32,33,3,370826158,906654598
2020-01-12,11,16,17,22,26,32,4,400642476,920486146
2020-01-14,3,4,5,10,16,32,9,361697316,860929224
2020-01-16,5,12,17,20,25,31,10,358035962,709741377
2020-01-19,1,4,6,10,11,28,16,395048088,680964320
2020-01-21,3,6,8,14,19,26,12,405733380,645107708
2020-03-12,11,14,22,27,31,32,9,142522854,654279153
2020-03-15,4,5,7,17,18,29,1,176331724,638032121
2020-03-17,4,13,14,23,26,31,9,198501652,652719440
2020-03-19,2,8,10,20,21,30,14,215545590,660220960
2020-03-22,2,7,8,10,12,16,7,261933168,661997100
2020-03-24,8,9,22,24,30,33,1,255551054,712719613
2020-03-26,5,6,8,17,24,27,7,260860736,685053744
2020-03-29,2,4,7,15,20,27,4,295712918,650980126
2020-03-31,5,7,8,11,17,22,13,287194532,640479172
2020-04-02,15,19,27,28,30,33,3,293920314,652393178
2020-04-05,1,6,9,13,15,22,14,310764432,685979970
2020-04-07,2,6,14,16,27,31,7,296655800,696474938
2020-04-09,2,10,20,22,25,30,2,311416184,695229480
2020-04-12,4,5,20,21,30,33,8,340318270,702813893
2020-04-14,10,13,27,28,29,31,8,317568426,707451262
2020-04-16,1,9,10,15,20,29,2,321611812,742200788
2020-04-19,1,4,9,18,19,31,6,349633986,769853394
2020-04-21,12,13,14,24,25,28,6,324196702,810989197
2020-04-23,5,6,15,18,26,32,8,323795596,823449380
2020-04-26,1,12,18,20,30,32,5,364268814,835276431
2020-04-28,17,18,21,29,30,32,3,327786632,896891829
2020-04-30,2,5,9,15,16,27,9,323903392,850135149
2020-05-03,3,11,13,14,15,26,13,338904002,843200936
2020-05-05,7,10,12,21,31,32,1,320555362,879873846
2020-05-07,2,8,15,16,26,32,3,340793680,878740204
2020-05-10,10,14,24,25,28,33,11,371811232,911288358
2020-05-12,7,9,16,22,24,32,6,346455736,944994783
2020-05-14,1,4,11,13,17,24,15,350126486,944864355
2020-05-17,1,6,7,18,23,24,15,374760420,922526038
2020-05-19,2,9,10,11,16,29,2,341609556,925841149
2020-05-21,1,6,12,16,19,21,4,341533118,947818891
2020-05-24,6,7,16,22,24,25,13,372422582,1005915378
2020-05-26,2,6,7,11,14,31,3,345472844,1027873219
2020-05-28,1,11,24,25,27,30,7,360394276,1043134035
2020-05-31,7,8,16,17,19,24,7,379328476,1042719025
2020-06-02,2,3,15,21,22,33,16,348295556,1010042406
2020-06-04,13,19,25,26,27,32,8,350122868,1010760962
2020-06-07,4,10,17,19,28,32,1,382084220,1021279165
2020-06-09,12,14,18,23,30,32,2,351604616,1046798674
2020-06-11,1,7,9,12,18,22,4,355402476,1062851807
2020-06-14,4,9,17,20,32,33,15,379409292,1101983169
2020-06-16,3,6,8,11,19,28,8,342968302,1014976572
2020-06-18,2,8,13,29,32,33,15,352815504,1085336824
2020-06-21,2,14,15,16,32,33,1,381666534,1057074616
2020-06-23,3,10,19,25,26,31,2,338817016,1050374135
2020-06-25,1,5,7,23,28,30,12,327140694,1009674637
2020-06-28,2,5,8,12,26,31,14,380233782,984522456
2020-06-30,9,14,21,23,26,32,3,349147892,1019998705
2020-07-02,1,3,11,12,19,26,7,356052050,958212978
2020-07-05,2,4,10,17,22,25,14,386807160,1002178704
2020-07-07,5,9,14,20,24,30,8,356937202,837071557
2020-07-09,8,17,24,26,27,31,4,366447904,903858043
2020-07-12,10,14,17,22,26,27,5,391827962,932509919
2020-07-14,12,15,16,22,29,32,14,357076054,991892696
2020-07-16,1,3,7,21,27,32,1,356057386,1063056063
2020-07-19,9,15,18,21,23,26,8,381062334,1090832907
2020-07-21,2,9,13,17,26,28,7,352149702,1057341835
2020-07-23,4,7,9,23,27,30,8,353153516,1061790227
2020-07-26,12,16,21,26,27,32,10,376630286,996910195
2020-07-28,3,9,10,13,18,26,4,343151528,1016346427
2020-07-30,1,2,4,6,19,21,15,343442594,953784945
2020-08-02,9,11,12,13,22,23,8,363190440,931954524
2020-08-04,6,8,10,15,17,26,4,335806408,945569865
2020-08-06,5,7,11,13,27,29,3,344984126,949682723
2020-08-09,4,8,9,13,19,33,12,375478220,974585503
2020-08-11,3,11,13,20,24,30,16,342593198,1031374526
2020-08-13,10,15,16,18,20,27,6,346015916,1033084399
2020-08-16,3,10,16,21,25,27,12,376430570,960537693
2020-08-18,3,11,14,16,21,32,4,339766446,1029746619
2020-08-20,5,12,20,21,22,29,14,347031342,1058784536
2020-08-23,14,15,18,22,31,33,1,375199530,1122276717
2020-08-25,1,5,13,14,27,33,15,341884184,1129524256
2020-08-27,2,8,11,17,21,30,9,339738944,1025240399
2020-08-30,1,19,25,26,30,31,12,375628538,1046377044
2020-09-01,3,7,16,17,23,30,7,340223360,997837500
2020-09-03,1,2,5,9,19,24,16,349243256,1039096893
2020-09-06,2,4,6,15,24,27,6,383150704,1051310454
2020-09-08,11,15,20,23,25,33,10,351393474,1066743130
2020-09-10,1,6,12,26,29,30,12,359763320,1049789346
2020-09-13,2,14,16,21,29,30,10,388734662,1061368833
2020-09-15,2,21,23,26,31,32,6,357200726,1090266240
2020-09-17,1,9,11,12,16,19,16,362307424,1088865952
2020-09-20,1,6,12,18,22,24,3,394714558,1113718036
2020-09-22,4,5,10,13,15,19,15,364874692,1159982996
2020-09-24,10,15,17,27,29,31,8,357043412,1182554395
2020-09-27,3,9,16,17,20,26,2,387062108,1197849256
2020-09-29,1,20,23,26,27,32,15,356787262,1228050661
2020-10-06,2,8,21,25,26,30,10,352372566,1147656700
2020-10-08,6,8,11,22,25,33,2,347585130,1171889114
2020-10-11,5,6,11,12,15,30,12,390640850,1181200651
2020-10-13,1,7,15,16,20,23,7,352785364,1167865459
2020-10-15,10,17,24,25,28,30,15,360073112,1196363693
2020-10-18,9,10,19,25,26,29,8,385810668,837068374
2020-10-20,4,9,10,22,28,32,8,363566614,812186919
2020-10-22,4,8,10,16,27,29,9,371069028,806356097
2020-10-25,6,14,19,20,22,24,1,399513718,837418291
2020-10-27,2,4,11,15,18,28,10,362151946,802335158
2020-10-29,3,9,11,24,25,28,16,372099740,835776030
2020-11-01,10,12,15,17,23,32,5,398129794,793968638
2020-11-03,6,13,16,20,23,32,13,358593188,723801259
2020-11-05,2,6,9,14,22,25,4,365150166,721987721
2020-11-08,6,9,17,22,24,26,16,459469274,808174858
2020-11-10,2,9,12,17,28,32,5,426910448,802000209
2020-11-12,1,3,7,10,22,32,11,436471868,772385388
2020-11-15,1,5,11,24,30,32,3,476450128,757446327
2020-11-17,1,4,12,20,25,32,2,435736254,837138988
2020-11-19,5,6,14,16,19,27,10,434234564,841135768
2020-11-22,7,8,9,10,16,27,7,460145954,785993086
2020-11-24,11,13,19,26,30,33,5,419968358,835737606
2020-11-26,1,9,22,28,32,33,15,432978556,837777744
2020-11-29,1,2,3,4,9,10,12,470788664,738529199
2020-12-01,2,4,6,21,25,29,3,425615038,777556587
2020-12-03,12,15,17,24,26,31,15,416050434,810048147
2020-12-06,1,3,18,19,26,29,3,442277628,869247735
2020-12-08,16,18,19,20,29,33,12,394367604,916453174
2020-12-10,5,12,16,26,30,31,13,403248064,942641447
2020-12-13,3,7,12,14,23,28,11,423827948,823570698
2020-12-15,1,4,18,19,26,31,7,385288238,824075658
2020-12-17,8,10,15,16,23,26,10,395094864,794699858
2020-12-20,1,2,5,15,28,33,4,428354318,786807887
2020-12-22,8,9,11,14,17,29,16,405085034,793700272
2020-12-24,8,19,22,26,27,30,7,394370394,791358796
2020-12-27,1,4,11,12,14,23,4,425174496,839661890
2020-12-29,3,19,22,23,27,29,7,370330222,893973468
2020-12-31,2,9,10,20,22,26,1,399565532,704501324
2021-01-03,2,3,13,18,20,31,11,411170524,710439245
2021-01-05,6,10,13,25,26,32,11,374374440,718352017
2021-01-07,6,9,16,18,22,29,11,360514540,753939585
2021-01-10,2,3,7,8,17,22,15,396531778,824817771
2021-01-12,7,9,14,26,30,31,4,359757108,806944718
2021-01-14,6,8,22,24,25,26,1,367900704,822318331
2021-01-17,2,4,12,21,25,32,16,389232822,885330100
2021-01-19,1,5,7,14,18,33,7,358122646,906339544
2021-01-21,2,4,7,24,25,32,13,367324734,952228282
2021-01-24,1,4,11,19,32,33,5,394795416,976145268
2021-01-26,5,10,16,23,27,33,14,358439884,907192691
2021-01-28,3,6,14,18,20,26,1,365486356,862128803
2021-01-31,6,9,12,16,27,31,6,403024326,812490648
2021-02-02,4,15,21,25,29,33,6,365029152,860487095
2021-02-04,6,14,16,26,28,29,7,373264066,874580915
2021-02-07,3,8,9,13,15,18,10,447622614,844483666
2021-02-21,9,15,18,29,32,33,2,442443732,879807720
2021-02-23,2,8,14,23,25,32,6,352299530,924046536
2021-02-25,12,16,17,24,28,29,8,351320330,916231105
2021-02-28,1,3,6,7,9,11,2,385685036,877930510
2021-03-02,4,8,17,24,28,33,13,350734702,834097039
2021-03-04,10,15,17,25,31,32,6,361605820,871216452
2021-03-07,2,21,22,23,27,28,11,397987234,903402709
2021-03-09,1,4,6,10,11,18,2,360465214,936474051
2021-03-11,6,8,14,17,18,30,11,370761350,962516400
2021-03-14,3,5,13,19,20,25,3,415303494,608709487
2021-03-16,5,7,9,16,20,26,8,371997822,515170584
2021-03-18,11,16,23,26,27,33,5,387583114,527018817
2021-03-21,8,10,15,17,22,30,12,413514858,475507497
2021-03-23,8,9,13,27,29,31,5,388490602,502740835
2021-03-25,6,11,21,25,28,31,7,389664660,474102879
2021-03-28,1,5,8,15,16,30,3,421020572,479350693
2021-03-30,2,12,13,14,31,33,6,378842354,502137377
2021-04-01,4,10,12,18,23,25,1,377894218,530109002
2021-04-04,12,14,18,20,26,28,11,382205894,549868285
2021-04-06,1,2,6,11,21,26,11,365524430,545659537
2021-04-08,13,17,19,24,26,30,12,374416372,565649555
2021-04-11,5,7,9,16,18,27,6,401665288,449879238
2021-04-13,2,8,21,24,29,31,13,377513042,469061553
2021-04-15,2,6,7,24,28,29,16,385858982,499321280
2021-04-18,2,9,18,23,26,32,14,415676146,275032108
2021-04-20,5,9,10,22,25,27,8,382918124,180671046
2021-04-22,2,3,17,18,23,24,1,389948810,243085282
2021-04-25,5,7,14,17,26,28,13,418973684,295504539
2021-04-27,1,4,14,15,17,32,2,377279966,326838472
2021-04-29,5,9,13,21,28,33,6,377425810,255412592
2021-05-02,3,7,13,16,24,29,1,367123752,291180168
2021-05-04,4,15,17,22,29,32,3,339198590,346939552
2021-05-06,4,11,13,22,25,32,1,375111072,409954275
2021-05-09,2,9,10,16,25,28,8,403433980,336133387
2021-05-11,8,9,10,19,27,29,15,377624458,335549357
2021-05-13,3,4,6,19,21,30,14,376039676,413602410
2021-05-16,7,10,14,16,24,33,16,398009388,473183576
2021-05-18,7,13,21,22,24,31,2,371689954,526556537
2021-05-20,3,11,12,16,22,28,10,376647950,425721551
2021-05-23,8,21,22,23,29,32,1,410076324,444149990
2021-05-25,5,6,9,17,25,33,16,379559152,478217025
2021-05-27,9,11,13,18,19,28,14,382666074,520502015
2021-05-30,1,9,11,18,32,33,14,407754588,618904511
2021-06-01,10,11,17,20,29,30,15,365484344,644294438
2021-06-03,4,9,12,18,20,23,1,376779952,694648802
2021-06-06,12,13,15,20,22,25,10,405763536,727417696
2021-06-08,4,5,6,9,23,24,9,370142008,647417696
2021-06-10,4,6,8,15,16,18,16,353338262,688856687
2021-06-13,1,4,8,19,29,33,16,362527724,753364365
2021-06-15,2,6,19,26,30,33,15,343529368,738667046
2021-06-17,1,11,19,23,25,29,9,352986918,749337326
2021-06-20,4,14,18,24,31,32,15,381950996,784841657
2021-06-22,6,11,18,20,23,26,5,348547620,805184330
2021-06-24,1,5,11,15,16,29,15,356032100,840734349
2021-06-27,1,7,24,31,32,33,8,384399388,850234438
2021-06-29,1,9,15,16,19,21,15,351515940,906924437
2021-07-01,1,6,18,22,24,25,8,353932932,936827442
2021-07-04,4,5,9,14,25,27,7,382266836,898477373
2021-07-06,12,15,16,21,22,29,1,347517338,950267665
2021-07-08,3,9,21,23,30,32,6,347734992,963078086
2021-07-11,8,15,17,25,27,30,10,377616968,949366069
2021-07-13,4,6,15,26,27,31,12,341551308,965580237
2021-07-15,1,3,10,24,28,29,13,345574370,976221781
2021-07-18,5,8,22,23,24,29,9,376533622,953249373
2021-07-20,1,3,5,18,22,23,1,344437194,997378346
2021-07-22,3,6,11,13,26,32,5,344368726,1007589655
2021-07-25,4,9,11,25,28,33,4,367542044,894543509
2021-07-27,5,7,9,11,21,28,1,338765612,836571971
2021-07-29,5,6,7,11,14,20,2,343883552,865785162
2021-08-01,6,8,10,14,28,29,1,363965626,934781421
2021-08-03,2,13,16,19,23,24,4,335386836,926596691
2021-08-05,4,12,15,16,19,26,6,339080722,932658139
2021-08-08,1,2,7,13,23,24,12,378094626,725193394
2021-08-10,5,6,12,14,27,28,8,340567382,658126685
2021-08-12,4,6,16,24,26,33,16,352636492,697092670
2021-08-15,2,7,8,10,12,31,3,382276564,721827132
2021-08-17,5,11,15,23,28,33,3,346398722,746968208
2021-08-19,9,11,24,25,28,33,15,353340702,819842497
2021-08-22,8,12,17,24,27,28,13,384516464,864489999
2021-08-24,1,7,11,14,15,26,11,349161898,822388985
2021-08-26,3,11,12,13,25,28,12,355020594,637412452
2021-08-29,1,10,13,18,26,32,5,390403928,673059288
2021-08-31,9,11,17,18,20,27,15,353159630,694710436
2021-09-02,7,9,12,13,14,29,16,364068238,711544497
2021-09-05,2,4,12,22,29,31,1,393612094,742311198
2021-09-07,5,9,15,24,27,30,9,357853464,599019763
2021-09-09,10,13,15,25,29,30,15,369736978,664617126
2021-09-12,1,7,17,20,22,28,15,397369092,708465505
2021-09-14,10,14,15,22,27,32,9,357292170,712816451
2021-09-16,1,4,7,14,30,31,3,364122996,738077667
2021-09-19,2,3,17,19,25,30,1,367139964,758280964
2021-09-21,11,15,18,24,26,32,9,339998838,781106313
2021-09-23,2,3,10,17,20,26,16,366715360,810527410
2021-09-26,10,13,15,24,31,32,2,394569218,850654756
2021-09-28,17,20,22,23,26,28,6,358360092,883991506
2021-09-30,5,6,21,25,28,33,7,370338224,797853981
2021-10-05,4,7,10,22,27,30,2,293434838,783403562
2021-10-07,4,6,8,14,24,27,2,337378334,837386111
2021-10-10,2,10,12,15,24,27,8,380172848,851679247
2021-10-12,6,14,17,18,31,33,6,355338790,897877549
2021-10-14,3,5,17,21,27,33,4,358589610,896904658
2021-10-17,2,6,14,18,20,31,13,386079710,923998119
2021-10-19,3,9,10,11,28,29,13,356935346,904876996
2021-10-21,1,7,8,12,13,18,5,355518696,734418962
2021-10-24,4,5,12,16,22,30,15,390361524,751815051
2021-10-26,4,5,12,15,18,28,7,360872924,771249437
2021-10-28,6,14,15,19,29,31,5,366471258,798569016
2021-10-31,1,3,18,22,29,32,2,394848530,823606529
2021-11-02,14,19,20,23,24,31,9,354978672,846489745
2021-11-04,19,20,23,27,28,31,1,358964852,877369730
2021-11-07,7,15,16,20,27,29,7,365976552,877334837
2021-11-09,5,17,20,21,23,33,4,349441520,920399839
2021-11-11,4,15,21,27,28,29,10,365299936,929943762
2021-11-14,8,9,15,24,26,30,6,398037824,914060182
2021-11-16,8,11,18,19,20,24,1,465860738,957547844
2021-11-18,1,4,6,14,20,28,8,490071244,973341811
2021-11-21,1,3,12,19,27,31,10,511607016,994690824
2021-11-23,1,2,16,19,25,31,8,472467398,1015069784
2021-11-25,3,10,17,19,21,31,4,486663630,1118152404
2021-11-28,2,6,9,15,19,28,16,517068910,1148127692
2021-11-30,3,7,10,14,21,24,1,474456734,1127353431
2021-12-02,11,14,15,16,27,32,9,486491502,1065047563
2021-12-05,12,14,19,23,24,27,1,531219172,1090940461
2021-12-07,5,10,16,26,27,33,1,479975520,1066087178
2021-12-09,1,14,19,23,26,30,10,483132724,1099283201
2021-12-12,4,7,17,19,20,24,16,509166454,1142703731
2021-12-14,1,9,11,13,20,29,9,475857912,1002138181
2021-12-16,2,5,13,15,23,26,7,483556078,1036483149
2021-12-19,4,7,10,14,16,26,9,517254362,1064375720
2021-12-21,7,9,21,22,26,32,3,480619582,1107375000
2021-12-23,5,10,11,13,27,28,9,457370132,1099867308
2021-12-26,10,12,15,17,19,20,8,459686850,1117570138
2021-12-28,5,10,15,18,19,32,5,425925826,1140585301
2021-12-30,9,14,20,21,24,26,4,456402254,1022824601
2022-01-02,6,13,15,17,20,21,3,447434510,1079698248
2022-01-04,2,12,21,23,25,31,8,408646714,1091513907
2022-01-06,2,5,16,17,18,30,6,410382612,1108650848
2022-01-09,5,19,24,28,30,32,14,441401912,1091893203
2022-01-11,7,10,12,16,19,31,16,388503758,1156142875
2022-01-13,3,6,9,15,22,31,2,389820756,1172781808
2022-01-16,1,20,22,23,25,28,16,417998504,1254497537
2022-01-18,2,3,7,9,20,21,13,377713752,1295623770
2022-01-20,4,15,17,19,25,28,16,381172430,1375659920
2022-01-23,12,18,19,20,21,32,15,403819420,1396071026
2022-01-25,6,15,23,24,25,33,15,379627650,1445932371
2022-01-27,4,7,8,29,30,31,1,432967098,1457999052
2022-02-08,2,3,4,7,10,18,15,376000418,1526180218
2022-02-10,6,7,13,14,15,27,4,353937416,1544973715
2022-02-13,6,14,16,27,28,31,7,387014176,1541699154
2022-02-15,5,10,19,20,29,31,14,370604868,1515799969
2022-02-17,6,9,24,29,30,32,7,367332144,1541904440
2022-02-20,7,11,16,17,30,32,16,392699896,1612631799
2022-02-22,5,6,14,20,21,25,8,374092592,1587422145
2022-02-24,9,11,14,22,30,32,1,376104336,1660696455
2022-02-27,3,7,22,24,26,31,14,413793268,1653333569
2022-03-01,1,7,11,15,17,19,6,374172850,1651680455
2022-03-03,7,12,17,19,24,25,2,386299738,1667173674
2022-03-06,7,9,10,14,19,24,15,412478136,1733800692
2022-03-08,6,19,24,25,28,32,4,380028752,1800801596
2022-03-10,3,4,10,15,22,24,2,390646552,1820096321
2022-03-13,14,15,18,19,26,32,9,407429120,1850108360
2022-03-15,5,11,20,22,23,29,9,359741624,1854403191
2022-03-17,3,8,10,13,26,32,8,354275468,1840565291
2022-03-20,12,23,24,26,27,30,5,376910184,1797209652
2022-03-22,1,10,11,22,26,32,7,353060708,1696267600
2022-03-24,4,10,11,14,23,32,7,365937174,1723412804
2022-03-27,5,12,19,22,25,26,5,392018786,1724489453
2022-03-29,14,17,26,31,32,33,10,361289854,1729816605
2022-03-31,8,12,13,19,23,25,15,353577746,1736599330
2022-04-03,2,3,14,16,26,31,2,362126634,1760101650
2022-04-05,1,10,13,20,22,32,14,332623306,1812767035
2022-04-07,9,12,13,16,24,32,4,348860576,1841833878
2022-04-10,2,6,7,10,15,20,5,375104494,1873384741
2022-04-12,3,12,14,16,31,33,12,343211044,1832633915
2022-04-14,5,7,21,22,24,29,14,348280000,1878895566
2022-04-17,5,10,11,21,22,30,13,376726628,1885518647
2022-04-19,2,17,20,23,25,27,8,350215018,1883060805
2022-04-21,1,7,8,21,23,29,6,362459788,1872712376
2022-04-24,3,12,17,18,19,28,4,389120778,1885303642
2022-04-26,2,11,24,25,27,30,14,358743356,1901913181
2022-04-28,3,7,8,14,27,30,9,360230056,1833014021
2022-05-01,5,7,17,20,26,31,14,357972850,1882359418
2022-05-03,2,4,7,18,25,26,10,337463590,1949357745
2022-05-05,3,5,8,14,27,33,8,363371278,1916892944
2022-05-08,2,5,11,17,21,33,1,389679034,1951616776
2022-05-10,7,24,27,29,31,32,15,359187786,1997206997
2022-05-12,10,14,18,23,27,33,15,356510652,2046352325
2022-05-15,8,12,21,27,28,33,11,391678014,1941352325
2022-05-17,2,4,9,26,28,33,3,350153658,1971539174
2022-05-19,1,6,11,14,17,26,15,352329270,2004226992
2022-05-22,12,15,20,26,30,33,16,378857894,2045497453
2022-05-24,6,13,14,23,31,33,1,336926030,2046143432
2022-05-26,6,9,18,19,29,33,6,340378840,1985420373
2022-05-29,16,18,19,24,28,32,1,361140396,2044441141
2022-05-31,1,3,16,18,29,33,6,331252342,2089196019
2022-06-02,16,18,20,21,23,33,5,329515310,2113191829
2022-06-05,6,8,9,17,22,31,11,360023818,2036171824
2022-06-07,4,6,12,13,17,31,16,340689068,2025619908
2022-06-09,9,14,18,23,28,31,2,348395414,2051850948
2022-06-12,6,11,14,20,27,30,9,370987262,1900729226
2022-06-14,1,5,13,21,26,29,15,347891686,1899875782
2022-06-16,7,12,15,24,26,29,6,354071622,1911353650
2022-06-19,6,7,13,19,26,29,8,380359658,1839751672
2022-06-21,4,6,9,27,28,33,2,356598990,1847642672
2022-06-23,4,7,15,18,29,33,1,354289328,1866155263
2022-06-26,5,14,15,16,18,32,12,385506202,1879381753
2022-06-28,6,10,14,15,26,29,12,352213628,1902372906
2022-06-30,5,7,15,19,29,33,15,354915638,1928690407
2022-07-03,1,2,4,25,26,30,10,379959636,1946747172
2022-07-05,8,9,10,13,24,29,2,342718328,1930610784
2022-07-07,3,17,18,19,20,27,16,345118818,1909641199
2022-07-10,1,4,5,15,17,31,9,366650644,1919037561
2022-07-12,1,9,15,17,22,23,16,341273762,1982330237
2022-07-14,5,12,15,17,18,27,4,342797508,1986021667
2022-07-17,4,8,11,21,27,30,1,373064250,2018613381
2022-07-19,4,10,11,23,30,32,14,347371994,2063526963
2022-07-21,8,12,13,14,19,20,5,347550570,2040473284
2022-07-24,3,18,23,24,25,32,9,368808592,2055734480
2022-07-26,7,9,14,31,32,33,13,341538762,2041516396
2022-07-28,1,4,8,21,23,24,11,345421240,2050676797
2022-07-31,5,6,9,13,23,25,8,370042706,2038263308
2022-08-02,3,9,15,17,20,22,6,340253450,1970007210
2022-08-04,2,7,15,29,31,33,15,342434670,2006110048
2022-08-07,1,4,25,27,29,30,7,365943774,1985834009
2022-08-09,8,18,20,22,24,28,10,335981918,1983706692
2022-08-11,7,10,16,20,21,27,11,337222664,1927997908
2022-08-14,21,22,24,28,29,32,14,363673578,1991811868
2022-08-16,6,11,13,16,19,31,2,333751422,2024071723
2022-08-18,4,13,14,18,20,28,8,339954958,2028343930
2022-08-21,3,16,17,19,25,33,7,374401638,1824688735
2022-08-23,4,5,10,13,30,31,14,339168020,1876944863
2022-08-25,2,3,4,6,21,33,5,339839938,1853286941
2022-08-28,1,11,23,24,26,32,15,368635154,1867860655
2022-08-30,2,6,7,15,20,21,15,338953236,1869582122
2022-09-01,4,16,18,19,27,28,4,342584116,1742459306
2022-09-04,9,10,12,18,29,32,14,360805992,1772160912
2022-09-06,6,9,12,14,20,28,10,331343836,1753950406
2022-09-08,1,8,19,25,26,31,1,337087306,1704610228
2022-09-11,6,12,13,15,21,23,15,357410590,1747497631
2022-09-13,17,20,22,23,24,31,1,336123528,1800820638
2022-09-15,3,9,11,15,19,28,16,342747048,1794077479
2022-09-18,1,7,13,17,18,31,15,379260702,1790162397
2022-09-20,4,11,13,19,22,33,11,349805376,1811161575
2022-09-22,9,13,15,18,20,28,15,352346658,1836366779
2022-09-25,2,10,11,13,28,31,1,385923798,1901720272
2022-09-27,3,5,8,17,25,31,1,348893862,1937385782
2022-09-29,13,14,20,24,27,29,2,363604180,1991635746
2022-10-06,1,5,15,19,26,29,13,347069064,1986647604
2022-10-09,6,7,18,20,27,29,9,359461828,1849681926
2022-10-11,8,14,26,27,30,33,1,337975208,1923415752
2022-10-13,4,13,17,18,28,29,6,345578024,1901177457
2022-10-16,2,6,7,11,14,33,8,374309728,1910541782
2022-10-18,2,5,15,18,26,27,4,341495720,1899873541
2022-10-20,2,15,19,26,27,29,2,355500194,1742358177
2022-10-23,12,17,22,27,30,31,2,380066114,1769892531
2022-10-25,6,8,17,19,24,28,5,350001646,1677059125
2022-10-27,10,13,16,20,21,25,5,360850820,1693327054
2022-10-30,5,10,13,18,24,26,1,383396494,1740587803
2022-11-01,2,3,7,12,20,31,16,429659904,1762667038
2022-11-03,1,13,15,17,26,33,13,436137344,1807038683
2022-11-06,3,4,9,10,29,33,13,455409958,1869259580
2022-11-08,3,12,18,24,27,29,1,420999886,1889014542
2022-11-10,10,12,14,22,24,27,7,430007836,1908461423
2022-11-13,2,8,15,17,26,28,12,446023212,1689813201
2022-11-15,3,5,10,13,19,29,6,425292626,1640635486
2022-11-17,1,3,18,26,32,33,4,439981994,1698530418
2022-11-20,5,8,16,17,21,25,12,457083562,1713363599
2022-11-22,1,5,14,17,24,31,14,404859714,1728998506
2022-11-24,9,11,13,24,28,32,6,402652460,1733838061
2022-11-27,8,10,14,15,18,22,8,412826960,1678628784
2022-11-29,8,21,23,27,28,33,1,380398430,1696427005
2022-12-01,2,14,19,21,25,28,11,382295872,1744972360
2022-12-04,6,7,9,16,17,19,14,421220444,1751181135
2022-12-06,8,9,18,19,20,27,15,397499610,1702647485
2022-12-08,5,12,13,17,20,27,14,415110854,1674155872
2022-12-11,1,3,13,16,21,27,3,440572602,1636406391
2022-12-13,7,8,13,29,30,33,3,397641696,1612687877
2022-12-15,7,20,22,23,31,32,5,400859910,1615187506
2022-12-18,3,21,25,30,31,33,11,366333090,1651431252
2022-12-20,6,7,13,18,26,31,6,319241960,1643604313
2022-12-22,2,3,7,13,20,30,10,308727648,1587565859
2022-12-25,2,15,16,17,21,31,14,328466772,1596182866
2022-12-27,2,22,26,29,32,33,14,305443962,1619210281
2022-12-29,1,7,11,12,22,28,5,322732470,1613770461
2023-01-01,9,16,18,22,28,32,2,349018800,1631485850
2023-01-03,2,6,10,16,18,22,13,317440920,1652047889
2023-01-05,5,8,18,25,30,32,6,332514694,1656261800
2023-01-08,1,7,15,16,20,25,16,362777504,1670832253
2023-01-10,2,6,8,13,14,19,16,331127174,1726038229
2023-01-12,2,10,12,14,24,26,5,341187596,1711353726
2023-01-15,5,6,9,22,25,31,3,357680590,1745872298
2023-01-17,5,13,18,20,26,28,6,367864780,1753087580
2023-01-29,3,4,19,23,30,32,6,370445322,1812003410
2023-01-31,4,5,13,18,27,29,12,335698884,1813355120
2023-02-02,6,7,16,17,21,22,4,344777252,1790457577
2023-02-05,3,4,7,22,26,30,6,377681908,1776074467
2023-02-07,6,10,14,22,23,33,13,351959204,1832147989
2023-02-09,6,7,18,23,27,30,5,354854954,1855218930
2023-02-12,2,3,14,21,29,32,8,392727530,1840337997
2023-02-14,14,16,19,23,28,30,3,363237418,1890499018
2023-02-16,5,11,18,20,26,28,12,385010210,1912869860
2023-02-19,10,12,17,19,25,31,13,428078014,1996089903
2023-02-21,6,12,26,28,29,32,15,399695170,2024791190
2023-02-23,1,12,17,18,26,27,5,394774502,2083313411
2023-02-26,2,5,6,19,21,27,4,430229092,2042737116
2023-02-28,10,11,18,19,23,31,3,393991274,2109715322
2023-03-02,5,8,10,15,24,25,9,394377912,1904715322
2023-03-05,3,6,9,17,27,28,3,424465912,1857117376
2023-03-07,4,16,20,21,31,32,14,383537242,1861412948
2023-03-09,1,18,26,30,31,33,3,382398740,1865260832
2023-03-12,8,10,22,27,32,33,8,405939502,1887143965
2023-03-14,5,7,10,17,20,22,14,378131048,1940352740
2023-03-16,3,7,12,24,28,33,8,373970632,1968119308
2023-03-19,2,3,7,16,30,31,6,407635670,1984712961
2023-03-21,7,14,27,29,31,33,5,377795536,2031724589
2023-03-23,6,19,20,26,28,33,1,378271328,2004521709
2023-03-26,8,9,13,23,24,26,5,407044870,2042293077
2023-03-28,2,3,9,11,12,17,15,371464196,2074219579
2023-03-30,1,4,9,10,20,33,6,376157550,2075773039
2023-04-02,13,14,18,19,24,30,9,402105258,1993133574
2023-04-04,8,23,25,26,29,31,12,357460864,1956183761
2023-04-06,2,9,14,17,31,33,8,368841578,1948188487
2023-04-09,2,3,9,13,19,28,9,409186858,1976860679
2023-04-11,9,16,17,24,29,31,8,372777348,2006881397
2023-04-13,1,6,12,13,15,24,6,379030400,2049048265
2023-04-16,10,17,20,23,27,30,10,406450374,2044443036
2023-04-18,5,8,12,20,24,28,10,370609676,1996962618
2023-04-20,2,8,15,22,24,26,16,375494004,2012948026
2023-04-23,3,6,12,21,27,28,4,398638950,2001600001
2023-04-25,6,8,17,25,26,28,3,364967218,2028047147
2023-04-27,5,7,14,23,31,33,7,373486114,1990369107
2023-04-30,2,3,10,24,28,30,8,362109840,1949270613
2023-05-02,5,7,14,23,25,27,2,328857030,1961601481
2023-05-04,2,7,9,14,22,23,5,359185180,1975368056
2023-05-07,22,26,29,30,32,33,14,388332454,2041647521
2023-05-09,3,4,5,8,12,17,6,358038114,1998828962
2023-05-11,1,7,14,20,27,30,15,364282626,2004355202
2023-05-14,5,6,9,10,15,26,12,394464450,2012386157
2023-05-16,3,4,20,23,27,32,13,370786668,2076855754
2023-05-18,8,14,15,18,23,33,8,372532958,2067478767
2023-05-21,2,5,10,17,24,32,3,396913794,2012616989
2023-05-23,10,17,22,26,30,33,11,372662796,2029768036
2023-05-25,2,6,13,22,27,32,6,374631364,1922748082
2023-05-28,9,11,17,19,30,31,11,402713176,1949837133
2023-05-30,1,4,6,11,12,22,15,365432766,2002747701
2023-06-01,11,19,23,24,26,33,15,359921314,2083569496
2023-06-04,4,8,17,20,22,27,13,390718820,2130039756
2023-06-06,1,7,11,12,16,18,4,358055754,2081628784
2023-06-08,2,14,17,20,26,33,14,364732942,2102299471
2023-06-11,2,7,8,10,26,31,6,393592226,2060647554
2023-06-13,1,3,12,19,28,32,14,364444632,2103312244
2023-06-15,11,12,15,18,29,33,2,370869162,2178451698
2023-06-18,12,14,17,20,21,26,2,396617204,2216379497
2023-06-20,3,5,25,31,32,33,4,358436376,2298227329
2023-06-22,5,12,15,19,24,26,6,335357710,2261306658
2023-06-25,2,6,10,24,25,33,9,390203400,2257958066
2023-06-27,1,3,15,16,25,32,10,360075550,2285628386
2023-06-29,2,8,9,18,19,21,3,358471886,2310559345
2023-07-02,13,15,24,28,30,31,1,382962350,2313625531
2023-07-04,3,4,15,18,19,22,9,349981630,2322659300
2023-07-06,7,9,14,22,26,27,1,351174612,2334509163
2023-07-09,6,8,14,19,30,31,8,376825490,2250465082
2023-07-11,5,6,9,12,21,22,7,352893610,2047443072
2023-07-13,1,2,4,9,25,31,8,363086950,2052579114
2023-07-16,1,11,15,16,22,31,15,387109286,2080743000
2023-07-18,4,18,19,24,27,30,16,355121956,2056167572
2023-07-20,7,10,12,16,17,30,12,360195880,2071700320
2023-07-23,9,13,14,17,19,27,3,386580634,2103633553
2023-07-25,11,18,23,24,31,33,13,356240472,2125713507
2023-07-27,8,9,10,22,26,32,12,357436118,2121686796
2023-07-30,2,9,15,17,28,33,1,381153750,2137498144
2023-08-01,1,14,18,26,31,33,5,350096092,2115425117
2023-08-03,8,13,15,27,28,31,11,354904960,2063540939
2023-08-06,1,2,9,26,30,31,7,384947064,2090904684
2023-08-08,16,20,22,26,30,32,16,358375594,2110673283
2023-08-10,3,12,24,25,32,33,13,357345052,2139476134
2023-08-13,10,21,24,25,27,32,7,382160878,2202132520
2023-08-15,6,10,12,14,30,31,12,353863692,2190138271
2023-08-17,3,8,16,17,22,26,11,357870744,2125574043
2023-08-20,8,11,18,26,31,32,15,387715200,2146953645
2023-08-22,1,9,14,19,29,30,15,357725994,2128843885
2023-08-24,2,10,11,14,21,27,11,362199042,2118259570
2023-08-27,9,11,14,19,27,33,5,390452378,2086416405
2023-08-29,5,6,12,15,23,25,4,359711540,2031278380
2023-08-31,1,5,9,15,18,26,4,370629284,2081108979
2023-09-03,1,9,10,13,21,28,10,408618502,2075541857
2023-09-05,5,6,13,24,25,29,15,370559376,2132500020
2023-09-07,10,19,23,25,30,31,12,371735912,2183510069
2023-09-10,1,3,5,26,30,32,16,405852212,2246893587
2023-09-12,7,9,10,20,22,24,7,375981944,2266428564
2023-09-14,3,7,18,25,29,33,14,377747376,2284128424
2023-09-17,1,3,6,8,18,24,9,414140392,2257216493
2023-09-19,6,8,10,13,16,28,13,372318810,2303849540
2023-09-21,2,6,20,25,29,33,16,375580258,2339391685
2023-09-24,5,6,12,17,20,33,9,404303630,2374902077
2023-09-26,9,12,13,22,24,31,4,369828352,2367099281
2023-09-28,1,2,13,18,25,27,3,373161172,2374279095
2023-10-05,7,9,15,16,17,26,9,370562742,2371779513
2023-10-08,2,7,16,21,26,27,16,399381218,2367018008
2023-10-10,2,8,9,13,24,27,12,373229184,2358302682
2023-10-12,2,11,14,17,18,28,8,382441836,2344668961
2023-10-15,1,2,11,19,25,29,4,416077564,2354656592
2023-10-17,1,2,3,19,21,28,15,379869478,2404112623
2023-10-19,3,8,13,24,27,29,8,382480862,2372742600
2023-10-22,2,12,16,25,30,31,12,412907242,2394462620
2023-10-24,7,8,14,18,20,30,5,383794308,2396234235
2023-10-26,10,13,15,22,29,32,15,385283048,2392642136
2023-10-29,2,3,17,18,25,30,11,417825112,2400872645
2023-10-31,11,14,15,27,30,33,4,386307316,2449910182
2023-11-02,10,24,26,28,29,31,16,394649530,2481110827
2023-11-05,3,8,19,22,26,32,14,415967168,2483723142
2023-11-07,7,16,20,21,27,33,1,381237932,2503346700
2023-11-09,8,9,12,17,32,33,4,473959588,2553859029
2023-11-12,4,10,17,22,23,32,16,497696868,2644338946
2023-11-14,6,7,14,20,26,32,1,466031504,2691287209
2023-11-16,3,9,11,15,25,27,1,474511672,2639577950
2023-11-19,4,5,10,14,22,25,3,517770956,2625290582
2023-11-21,5,8,9,17,22,33,4,484355844,2554169624
2023-11-23,5,6,11,13,28,30,7,486609550,2481542330
2023-11-26,3,5,10,21,22,26,10,525192790,2438516168
2023-11-28,3,12,17,19,23,27,11,492348152,2467775081
2023-11-30,3,22,28,30,31,33,4,492601986,2548652101
2023-12-03,12,14,19,21,27,31,11,521719600,2599513870
2023-12-05,3,4,11,14,30,31,5,480392100,2606606136
2023-12-07,1,8,11,12,21,23,3,493963074,2628135529
2023-12-10,2,8,20,21,27,33,14,507406422,2715709193
2023-12-12,5,7,9,16,23,30,15,460243432,2625542196
2023-12-14,12,16,17,22,25,27,8,461560620,2624782779
2023-12-17,7,10,21,22,23,24,11,488324570,2658009357
2023-12-19,2,3,6,11,20,32,9,449833942,2661725786
2023-12-21,5,6,14,16,19,32,12,432874498,2678144078
2023-12-24,3,5,7,9,19,20,8,454223900,2527599376
2023-12-26,2,10,19,24,26,33,15,405361488,2575173968
2023-12-28,10,17,25,26,30,33,5,411922624,2599366995
2023-12-31,1,15,16,20,25,27,5,452958034,2626575547
2024-01-02,3,7,16,26,27,32,16,397951464,2653241738
2024-01-04,4,9,10,17,19,20,9,402054502,2540785162
2024-01-07,1,5,8,13,32,33,3,428830208,2538504530
2024-01-09,9,13,17,18,21,27,4,397770990,2543934511
2024-01-11,5,6,20,23,25,32,3,407820678,2593104612
2024-01-14,7,18,20,21,26,32,5,430067550,2606624464
2024-01-16,4,5,6,7,20,22,15,391831746,2644219785
2024-01-18,8,20,21,23,27,30,13,390103204,2680260839
2024-01-21,1,4,7,10,17,23,14,409759128,2725560627
2024-01-23,11,16,20,21,23,24,4,372460178,2773122333
2024-01-25,8,12,16,20,27,31,6,382080084,2729590794
2024-01-28,1,3,7,18,22,28,15,406461312,2765382313
2024-01-30,1,7,10,14,21,25,7,368057096,2740765858
2024-02-01,1,2,10,22,24,25,13,369008560,2771158275
2024-02-04,3,8,17,18,20,30,15,391425990,2799740697
2024-02-06,7,12,20,24,32,33,4,398150146,2182164460
2024-02-18,4,17,19,20,25,32,4,408414594,2249152255
2024-02-20,6,15,17,24,28,29,16,362234554,2255582139
2024-02-22,5,11,12,16,17,20,8,362006810,2240147827
2024-02-25,3,8,12,14,17,33,8,401743532,2292837056
2024-02-27,4,6,16,17,23,24,11,387567590,2303552638
2024-02-29,2,9,11,14,18,26,6,388759926,2211765504
2024-03-03,1,10,22,25,28,32,10,429941270,2249424817
2024-03-05,3,7,21,24,26,30,10,389179240,2259827583
2024-03-07,8,15,21,22,25,33,13,399059370,2283708268
2024-03-10,4,7,18,19,20,25,6,431419382,2274290656
2024-03-12,2,6,13,27,28,32,13,398514350,2297410268
2024-03-14,3,7,8,11,18,19,5,400874276,2284805181
2024-03-17,12,18,23,25,28,33,4,433441094,2369816985
2024-03-19,1,8,22,25,29,33,10,398025748,2432825172
2024-03-21,9,10,13,25,30,32,2,401159328,2337825172
2024-03-24,1,3,4,11,12,21,16,413703736,2337606504
2024-03-26,6,10,11,18,20,32,5,374362318,2373391338
2024-03-28,2,9,12,19,21,31,4,385412112,2343160918
2024-03-31,5,7,14,17,22,32,6,412436132,2285864323
2024-04-02,2,8,9,12,21,31,2,375133272,2277496852
2024-04-04,1,4,5,6,12,14,13,356283280,2327021985
2024-04-07,8,10,18,23,27,31,2,403976694,2387854012
2024-04-09,2,6,12,29,30,31,10,381702830,2381952370
2024-04-11,11,14,18,19,23,26,2,386011398,2403776297
2024-04-14,2,9,12,22,25,33,16,412186810,2126335214
2024-04-16,2,4,5,14,26,32,14,385020364,2209117678
2024-04-18,4,6,7,14,15,24,8,379945476,2195139699
2024-04-21,2,6,17,25,32,33,6,405727312,2217466686
2024-04-23,2,8,19,23,24,26,3,379451774,2197753504
2024-04-25,2,6,10,11,17,29,15,382103034,2226410188
2024-04-28,7,8,21,26,29,30,15,405356264,2162261379
2024-04-30,2,9,15,19,26,28,2,351928312,2179284324
2024-05-02,12,15,17,23,26,32,11,330045974,2211638785
2024-05-05,1,3,7,10,22,33,2,388201440,2207601984
2024-05-07,5,9,13,20,23,28,6,367939562,2178038182
2024-05-09,7,10,11,15,17,21,3,373167274,2202835275
2024-05-12,7,14,21,22,28,33,7,395915432,2170866334
2024-05-14,8,13,20,25,31,32,3,367543408,2201149174
2024-05-16,2,4,6,7,16,29,3,377710122,2281302712
2024-05-19,5,18,20,24,25,26,6,397159810,2300641915
2024-05-21,3,8,17,18,23,31,8,365625592,2240160236
2024-05-23,8,12,13,17,27,29,13,369285740,2296535377
2024-05-26,1,3,14,25,31,33,7,390426128,2319757937
2024-05-28,1,2,6,10,22,28,15,358843202,2326589163
2024-05-30,1,9,18,22,25,28,2,364421040,2363723406
2024-06-02,1,7,10,16,18,27,16,390275626,2401489046
2024-06-04,7,14,16,23,28,32,4,362508790,2404350858
2024-06-06,6,8,17,18,28,30,5,365056746,2335560971
2024-06-09,3,5,9,10,19,22,14,373231796,2343254145
2024-06-11,8,9,12,22,26,32,13,348630430,2318622744
2024-06-13,1,11,13,17,25,29,3,359572106,2339018162
2024-06-16,1,2,7,19,20,21,1,382798116,2248589639
2024-06-18,6,13,20,21,24,32,6,349312006,2231662700
2024-06-20,4,13,18,20,22,28,5,355743106,2246917307
2024-06-23,2,8,19,28,30,31,14,377739850,2254015200
2024-06-25,1,14,20,21,23,27,6,342963952,2329358625
2024-06-27,3,9,12,18,28,30,1,351823400,2354261205
2024-06-30,7,8,10,22,24,32,7,375016018,2356767829
2024-07-02,3,5,8,18,22,28,1,345694980,2313225143
2024-07-04,3,22,24,27,29,32,15,348856354,2372414911
2024-07-07,1,4,6,14,17,22,8,369020954,2382512560
2024-07-09,5,9,14,21,22,26,12,342123330,2329005428
2024-07-11,2,3,6,7,16,26,4,351442404,2323420019
2024-07-14,6,11,12,27,29,30,13,375983952,2334815017
2024-07-16,1,6,12,17,23,25,4,351219750,2339593701
2024-07-18,1,2,13,16,17,29,16,350123408,2383370581
2024-07-21,3,9,14,29,32,33,15,378567992,2404993508
2024-07-23,1,8,10,13,19,29,13,347931710,2441854586
2024-07-25,1,5,15,21,23,27,15,345948072,2483142282
2024-07-28,17,19,20,23,25,31,2,369996636,2515631484
2024-07-30,3,9,18,19,20,26,11,346836290,2257713590
2024-08-01,3,8,10,17,30,32,10,354401976,2291698840
2024-08-04,3,6,9,15,18,31,1,380044140,2285367632
2024-08-06,7,11,17,24,31,32,12,350631612,2300572454
2024-08-08,13,15,16,19,20,24,10,356693206,2364340809
2024-08-11,3,8,11,12,18,29,5,370253242,2335461640
2024-08-13,1,5,7,11,12,15,12,348127806,2371195097
2024-08-15,6,13,17,22,25,27,9,350072302,2086195097
2024-08-18,4,6,9,14,16,21,3,385134230,2028443682
2024-08-20,2,4,14,18,23,27,13,352522568,2065127017
2024-08-22,4,10,12,13,18,30,3,354395754,2114497370
2024-08-25,3,8,10,20,30,31,2,381156802,2127859521
2024-08-27,4,12,17,24,26,27,16,344108040,2134776394
2024-08-29,13,14,19,20,27,30,5,348781408,2171115625
2024-09-01,8,12,15,17,19,30,8,374345806,2152170943
2024-09-03,9,15,18,21,22,25,1,344796788,2175308161
2024-09-05,12,21,23,27,32,33,15,346931426,2191849007
2024-09-08,5,16,23,24,26,29,4,373660982,2184380821
2024-09-10,2,5,17,19,29,33,4,342083742,2203602195
2024-09-12,3,8,11,22,31,33,4,347018184,2207462227
2024-09-15,1,6,8,13,17,19,9,354933898,2142473782
2024-09-17,1,8,9,23,24,30,8,323582976,2140826873
2024-09-19,3,4,24,28,29,33,9,343699030,2143362495
2024-09-22,4,13,17,23,25,33,14,368550846,2181209099
